ISO-10303-21;
HEADER;
/* Generated by software containing ST-Developer
 * from STEP Tools, Inc. (www.steptools.com) 
 */

FILE_DESCRIPTION(
/* description */ (''),
/* implementation_level */ '2;1');

FILE_NAME(
/* name */ 'potentiometer.step',
/* time_stamp */ '2026-09-22T17:43:23+03:00',
/* author */ (''),
/* organization */ (''),
/* preprocessor_version */ 'ST-DEVELOPER v20.2',
/* originating_system */ 'Autodesk Translation Framework v15.15.0.0',
/* authorisation */ '');

FILE_SCHEMA (('AUTOMOTIVE_DESIGN { 1 0 10303 214 3 1 1 }'));
ENDSEC;

DATA;
#10=MECHANICAL_DESIGN_GEOMETRIC_PRESENTATION_REPRESENTATION('',(#51,#52,
#53,#54,#55,#56,#57,#58,#59),#4124);
#11=SHAPE_REPRESENTATION_RELATIONSHIP('SRR','None',#4131,#12);
#12=ADVANCED_BREP_SHAPE_REPRESENTATION('',(#60,#61,#62,#63,#64,#65,#66,
#67,#68),#4123);
#13=CONICAL_SURFACE('',#2394,1.25,0.261799387799149);
#14=CONICAL_SURFACE('',#2398,0.5,0.261799387799149);
#15=CONICAL_SURFACE('',#2401,1.25,0.261799387799149);
#16=CONICAL_SURFACE('',#2405,0.5,0.261799387799149);
#17=CONICAL_SURFACE('',#2408,1.25,0.261799387799149);
#18=CONICAL_SURFACE('',#2412,0.5,0.261799387799149);
#19=B_SPLINE_CURVE_WITH_KNOTS('',3,(#3720,#3721,#3722,#3723,#3724,#3725,
#3726,#3727,#3728,#3729,#3730,#3731,#3732),.UNSPECIFIED.,.F.,.F.,(4,3,3,
3,4),(0.,0.285714285714742,0.571428571429633,0.785714285715801,1.),
 .UNSPECIFIED.);
#20=B_SPLINE_CURVE_WITH_KNOTS('',3,(#3733,#3734,#3735,#3736,#3737,#3738,
#3739,#3740,#3741,#3742,#3743,#3744,#3745,#3746,#3747,#3748,#3749),
 .UNSPECIFIED.,.T.,.F.,(4,1,1,1,1,1,1,1,1,1,1,1,1,1,4),(0.,0.044880218261571,
0.0897604365231419,0.134640654784713,0.179520873046284,0.224401091307855,
0.269281309569426,0.314161527830997,0.359041746092568,0.403921964354139,
0.44880218261571,0.493682400877281,0.538562619138852,0.583442837400423,
0.628323055661994),.UNSPECIFIED.);
#21=B_SPLINE_CURVE_WITH_KNOTS('',3,(#3750,#3751,#3752,#3753,#3754,#3755,
#3756,#3757,#3758,#3759,#3760,#3761,#3762,#3763,#3764,#3765,#3766),
 .UNSPECIFIED.,.T.,.F.,(4,1,1,1,1,1,1,1,1,1,1,1,1,1,4),(-0.628323055661994,
-0.583442837400423,-0.538562619138852,-0.493682400877281,-0.44880218261571,
-0.403921964354139,-0.359041746092568,-0.314161527830997,-0.269281309569426,
-0.224401091307855,-0.179520873046284,-0.134640654784713,-0.0897604365231419,
-0.044880218261571,0.),.UNSPECIFIED.);
#22=B_SPLINE_CURVE_WITH_KNOTS('',3,(#3886,#3887,#3888,#3889,#3890,#3891,
#3892,#3893,#3894,#3895,#3896,#3897,#3898),.UNSPECIFIED.,.F.,.F.,(4,3,3,
3,4),(0.,0.285714285714741,0.571428571429634,0.857142857144526,1.),
 .UNSPECIFIED.);
#23=B_SPLINE_CURVE_WITH_KNOTS('',3,(#3899,#3900,#3901,#3902,#3903,#3904,
#3905,#3906,#3907,#3908,#3909,#3910,#3911,#3912,#3913),.UNSPECIFIED.,.T.,
 .F.,(4,1,1,1,1,1,1,1,1,1,1,1,4),(0.,0.044880218261571,0.0897604365231419,
0.134640654784713,0.179520873046284,0.224401091307855,0.269281309569426,
0.359041746092568,0.44880218261571,0.49368240087728,0.538562619138851,0.583442837400422,
0.628323055661993),.UNSPECIFIED.);
#24=B_SPLINE_CURVE_WITH_KNOTS('',3,(#3914,#3915,#3916,#3917,#3918,#3919,
#3920,#3921,#3922,#3923,#3924,#3925,#3926,#3927,#3928),.UNSPECIFIED.,.T.,
 .F.,(4,1,1,1,1,1,1,1,1,1,1,1,4),(-0.628323055661993,-0.583442837400422,
-0.538562619138851,-0.49368240087728,-0.44880218261571,-0.359041746092568,
-0.269281309569426,-0.224401091307855,-0.179520873046284,-0.134640654784713,
-0.0897604365231419,-0.044880218261571,0.),.UNSPECIFIED.);
#25=B_SPLINE_CURVE_WITH_KNOTS('',3,(#4062,#4063,#4064,#4065,#4066,#4067,
#4068,#4069,#4070,#4071,#4072,#4073,#4074),.UNSPECIFIED.,.F.,.F.,(4,3,3,
3,4),(0.,0.285714285714741,0.571428571429634,0.785714285715803,1.),
 .UNSPECIFIED.);
#26=B_SPLINE_CURVE_WITH_KNOTS('',3,(#4075,#4076,#4077,#4078,#4079,#4080,
#4081,#4082,#4083,#4084,#4085,#4086,#4087,#4088,#4089,#4090,#4091),
 .UNSPECIFIED.,.T.,.F.,(4,1,1,1,1,1,1,1,1,1,1,1,1,1,4),(0.,0.044880218261571,
0.0897604365231419,0.134640654784713,0.179520873046284,0.224401091307855,
0.269281309569426,0.314161527830997,0.359041746092568,0.403921964354139,
0.44880218261571,0.493682400877281,0.538562619138852,0.583442837400423,
0.628323055661994),.UNSPECIFIED.);
#27=B_SPLINE_CURVE_WITH_KNOTS('',3,(#4092,#4093,#4094,#4095,#4096,#4097,
#4098,#4099,#4100,#4101,#4102,#4103,#4104,#4105,#4106,#4107,#4108),
 .UNSPECIFIED.,.T.,.F.,(4,1,1,1,1,1,1,1,1,1,1,1,1,1,4),(-0.628323055661994,
-0.583442837400423,-0.538562619138852,-0.493682400877281,-0.44880218261571,
-0.403921964354139,-0.359041746092568,-0.314161527830997,-0.269281309569426,
-0.224401091307855,-0.179520873046284,-0.134640654784713,-0.0897604365231419,
-0.044880218261571,0.),.UNSPECIFIED.);
#28=B_SPLINE_SURFACE_WITH_KNOTS('',3,3,((#3599,#3600,#3601,#3602,#3603,
#3604,#3605,#3606,#3607,#3608,#3609,#3610,#3611,#3612,#3613,#3614,#3615),
(#3616,#3617,#3618,#3619,#3620,#3621,#3622,#3623,#3624,#3625,#3626,#3627,
#3628,#3629,#3630,#3631,#3632),(#3633,#3634,#3635,#3636,#3637,#3638,#3639,
#3640,#3641,#3642,#3643,#3644,#3645,#3646,#3647,#3648,#3649),(#3650,#3651,
#3652,#3653,#3654,#3655,#3656,#3657,#3658,#3659,#3660,#3661,#3662,#3663,
#3664,#3665,#3666),(#3667,#3668,#3669,#3670,#3671,#3672,#3673,#3674,#3675,
#3676,#3677,#3678,#3679,#3680,#3681,#3682,#3683),(#3684,#3685,#3686,#3687,
#3688,#3689,#3690,#3691,#3692,#3693,#3694,#3695,#3696,#3697,#3698,#3699,
#3700),(#3701,#3702,#3703,#3704,#3705,#3706,#3707,#3708,#3709,#3710,#3711,
#3712,#3713,#3714,#3715,#3716,#3717)),.UNSPECIFIED.,.F.,.T.,.F.,(4,1,1,
1,4),(4,1,1,1,1,1,1,1,1,1,1,1,1,1,4),(0.,0.285714285714286,0.571428571428571,
0.785714285714286,1.),(0.,0.044880218261571,0.0897604365231419,0.134640654784713,
0.179520873046284,0.224401091307855,0.269281309569426,0.314161527830997,
0.359041746092568,0.403921964354139,0.44880218261571,0.493682400877281,
0.538562619138852,0.583442837400423,0.628323055661994),.UNSPECIFIED.);
#29=B_SPLINE_SURFACE_WITH_KNOTS('',3,3,((#3779,#3780,#3781,#3782,#3783,
#3784,#3785,#3786,#3787,#3788,#3789,#3790,#3791,#3792,#3793),(#3794,#3795,
#3796,#3797,#3798,#3799,#3800,#3801,#3802,#3803,#3804,#3805,#3806,#3807,
#3808),(#3809,#3810,#3811,#3812,#3813,#3814,#3815,#3816,#3817,#3818,#3819,
#3820,#3821,#3822,#3823),(#3824,#3825,#3826,#3827,#3828,#3829,#3830,#3831,
#3832,#3833,#3834,#3835,#3836,#3837,#3838),(#3839,#3840,#3841,#3842,#3843,
#3844,#3845,#3846,#3847,#3848,#3849,#3850,#3851,#3852,#3853),(#3854,#3855,
#3856,#3857,#3858,#3859,#3860,#3861,#3862,#3863,#3864,#3865,#3866,#3867,
#3868),(#3869,#3870,#3871,#3872,#3873,#3874,#3875,#3876,#3877,#3878,#3879,
#3880,#3881,#3882,#3883)),.UNSPECIFIED.,.F.,.T.,.F.,(4,1,1,1,4),(4,1,1,
1,1,1,1,1,1,1,1,1,4),(0.,0.285714285714286,0.571428571428571,0.857142857142857,
1.),(0.,0.044880218261571,0.0897604365231419,0.134640654784713,0.179520873046284,
0.224401091307855,0.269281309569426,0.359041746092568,0.44880218261571,
0.49368240087728,0.538562619138851,0.583442837400422,0.628323055661993),
 .UNSPECIFIED.);
#30=B_SPLINE_SURFACE_WITH_KNOTS('',3,3,((#3941,#3942,#3943,#3944,#3945,
#3946,#3947,#3948,#3949,#3950,#3951,#3952,#3953,#3954,#3955,#3956,#3957),
(#3958,#3959,#3960,#3961,#3962,#3963,#3964,#3965,#3966,#3967,#3968,#3969,
#3970,#3971,#3972,#3973,#3974),(#3975,#3976,#3977,#3978,#3979,#3980,#3981,
#3982,#3983,#3984,#3985,#3986,#3987,#3988,#3989,#3990,#3991),(#3992,#3993,
#3994,#3995,#3996,#3997,#3998,#3999,#4000,#4001,#4002,#4003,#4004,#4005,
#4006,#4007,#4008),(#4009,#4010,#4011,#4012,#4013,#4014,#4015,#4016,#4017,
#4018,#4019,#4020,#4021,#4022,#4023,#4024,#4025),(#4026,#4027,#4028,#4029,
#4030,#4031,#4032,#4033,#4034,#4035,#4036,#4037,#4038,#4039,#4040,#4041,
#4042),(#4043,#4044,#4045,#4046,#4047,#4048,#4049,#4050,#4051,#4052,#4053,
#4054,#4055,#4056,#4057,#4058,#4059)),.UNSPECIFIED.,.F.,.T.,.F.,(4,1,1,
1,4),(4,1,1,1,1,1,1,1,1,1,1,1,1,1,4),(0.,0.285714285714286,0.571428571428571,
0.785714285714286,1.),(0.,0.044880218261571,0.0897604365231419,0.134640654784713,
0.179520873046284,0.224401091307855,0.269281309569426,0.314161527830997,
0.359041746092568,0.403921964354139,0.44880218261571,0.493682400877281,
0.538562619138852,0.583442837400423,0.628323055661994),.UNSPECIFIED.);
#31=FACE_BOUND('',#303,.T.);
#32=FACE_BOUND('',#304,.T.);
#33=FACE_BOUND('',#305,.T.);
#34=FACE_BOUND('',#307,.T.);
#35=FACE_BOUND('',#308,.T.);
#36=FACE_BOUND('',#309,.T.);
#37=FACE_BOUND('',#320,.T.);
#38=FACE_BOUND('',#322,.T.);
#39=FACE_BOUND('',#333,.T.);
#40=FACE_BOUND('',#335,.T.);
#41=FACE_BOUND('',#346,.T.);
#42=FACE_BOUND('',#348,.T.);
#43=FACE_BOUND('',#404,.T.);
#44=FACE_BOUND('',#407,.T.);
#45=FACE_BOUND('',#418,.T.);
#46=FACE_BOUND('',#421,.T.);
#47=FACE_BOUND('',#425,.T.);
#48=FACE_BOUND('',#428,.T.);
#49=FACE_BOUND('',#432,.T.);
#50=FACE_BOUND('',#435,.T.);
#51=STYLED_ITEM('',(#4141),#60);
#52=STYLED_ITEM('',(#4142),#61);
#53=STYLED_ITEM('',(#4143),#62);
#54=STYLED_ITEM('',(#4143),#63);
#55=STYLED_ITEM('',(#4143),#64);
#56=STYLED_ITEM('',(#4143),#65);
#57=STYLED_ITEM('',(#4143),#66);
#58=STYLED_ITEM('',(#4143),#67);
#59=STYLED_ITEM('',(#4143),#68);
#60=MANIFOLD_SOLID_BREP('Body1',#2199);
#61=MANIFOLD_SOLID_BREP('Body2',#2200);
#62=MANIFOLD_SOLID_BREP('Body3',#2201);
#63=MANIFOLD_SOLID_BREP('Body4',#2202);
#64=MANIFOLD_SOLID_BREP('Body5',#2203);
#65=MANIFOLD_SOLID_BREP('Body6',#2204);
#66=MANIFOLD_SOLID_BREP('Body8',#2205);
#67=MANIFOLD_SOLID_BREP('Body9',#2206);
#68=MANIFOLD_SOLID_BREP('Body10',#2207);
#69=PLANE('',#2224);
#70=PLANE('',#2225);
#71=PLANE('',#2235);
#72=PLANE('',#2236);
#73=PLANE('',#2237);
#74=PLANE('',#2241);
#75=PLANE('',#2242);
#76=PLANE('',#2246);
#77=PLANE('',#2247);
#78=PLANE('',#2248);
#79=PLANE('',#2249);
#80=PLANE('',#2250);
#81=PLANE('',#2251);
#82=PLANE('',#2252);
#83=PLANE('',#2256);
#84=PLANE('',#2257);
#85=PLANE('',#2261);
#86=PLANE('',#2262);
#87=PLANE('',#2263);
#88=PLANE('',#2264);
#89=PLANE('',#2265);
#90=PLANE('',#2266);
#91=PLANE('',#2267);
#92=PLANE('',#2271);
#93=PLANE('',#2272);
#94=PLANE('',#2276);
#95=PLANE('',#2277);
#96=PLANE('',#2278);
#97=PLANE('',#2279);
#98=PLANE('',#2280);
#99=PLANE('',#2281);
#100=PLANE('',#2285);
#101=PLANE('',#2286);
#102=PLANE('',#2287);
#103=PLANE('',#2288);
#104=PLANE('',#2289);
#105=PLANE('',#2290);
#106=PLANE('',#2292);
#107=PLANE('',#2293);
#108=PLANE('',#2294);
#109=PLANE('',#2296);
#110=PLANE('',#2297);
#111=PLANE('',#2298);
#112=PLANE('',#2300);
#113=PLANE('',#2301);
#114=PLANE('',#2302);
#115=PLANE('',#2304);
#116=PLANE('',#2305);
#117=PLANE('',#2306);
#118=PLANE('',#2308);
#119=PLANE('',#2309);
#120=PLANE('',#2310);
#121=PLANE('',#2312);
#122=PLANE('',#2313);
#123=PLANE('',#2314);
#124=PLANE('',#2316);
#125=PLANE('',#2317);
#126=PLANE('',#2318);
#127=PLANE('',#2320);
#128=PLANE('',#2321);
#129=PLANE('',#2322);
#130=PLANE('',#2324);
#131=PLANE('',#2325);
#132=PLANE('',#2326);
#133=PLANE('',#2327);
#134=PLANE('',#2328);
#135=PLANE('',#2329);
#136=PLANE('',#2330);
#137=PLANE('',#2331);
#138=PLANE('',#2335);
#139=PLANE('',#2336);
#140=PLANE('',#2337);
#141=PLANE('',#2339);
#142=PLANE('',#2340);
#143=PLANE('',#2341);
#144=PLANE('',#2343);
#145=PLANE('',#2344);
#146=PLANE('',#2345);
#147=PLANE('',#2347);
#148=PLANE('',#2348);
#149=PLANE('',#2349);
#150=PLANE('',#2351);
#151=PLANE('',#2352);
#152=PLANE('',#2353);
#153=PLANE('',#2355);
#154=PLANE('',#2363);
#155=PLANE('',#2376);
#156=PLANE('',#2382);
#157=PLANE('',#2383);
#158=PLANE('',#2385);
#159=PLANE('',#2387);
#160=PLANE('',#2390);
#161=PLANE('',#2393);
#162=PLANE('',#2396);
#163=PLANE('',#2400);
#164=PLANE('',#2403);
#165=PLANE('',#2407);
#166=PLANE('',#2410);
#167=PLANE('',#2414);
#168=FACE_OUTER_BOUND('',#292,.T.);
#169=FACE_OUTER_BOUND('',#293,.T.);
#170=FACE_OUTER_BOUND('',#294,.T.);
#171=FACE_OUTER_BOUND('',#295,.T.);
#172=FACE_OUTER_BOUND('',#296,.T.);
#173=FACE_OUTER_BOUND('',#297,.T.);
#174=FACE_OUTER_BOUND('',#298,.T.);
#175=FACE_OUTER_BOUND('',#299,.T.);
#176=FACE_OUTER_BOUND('',#300,.T.);
#177=FACE_OUTER_BOUND('',#301,.T.);
#178=FACE_OUTER_BOUND('',#302,.T.);
#179=FACE_OUTER_BOUND('',#306,.T.);
#180=FACE_OUTER_BOUND('',#310,.T.);
#181=FACE_OUTER_BOUND('',#311,.T.);
#182=FACE_OUTER_BOUND('',#312,.T.);
#183=FACE_OUTER_BOUND('',#313,.T.);
#184=FACE_OUTER_BOUND('',#314,.T.);
#185=FACE_OUTER_BOUND('',#315,.T.);
#186=FACE_OUTER_BOUND('',#316,.T.);
#187=FACE_OUTER_BOUND('',#317,.T.);
#188=FACE_OUTER_BOUND('',#318,.T.);
#189=FACE_OUTER_BOUND('',#319,.T.);
#190=FACE_OUTER_BOUND('',#321,.T.);
#191=FACE_OUTER_BOUND('',#323,.T.);
#192=FACE_OUTER_BOUND('',#324,.T.);
#193=FACE_OUTER_BOUND('',#325,.T.);
#194=FACE_OUTER_BOUND('',#326,.T.);
#195=FACE_OUTER_BOUND('',#327,.T.);
#196=FACE_OUTER_BOUND('',#328,.T.);
#197=FACE_OUTER_BOUND('',#329,.T.);
#198=FACE_OUTER_BOUND('',#330,.T.);
#199=FACE_OUTER_BOUND('',#331,.T.);
#200=FACE_OUTER_BOUND('',#332,.T.);
#201=FACE_OUTER_BOUND('',#334,.T.);
#202=FACE_OUTER_BOUND('',#336,.T.);
#203=FACE_OUTER_BOUND('',#337,.T.);
#204=FACE_OUTER_BOUND('',#338,.T.);
#205=FACE_OUTER_BOUND('',#339,.T.);
#206=FACE_OUTER_BOUND('',#340,.T.);
#207=FACE_OUTER_BOUND('',#341,.T.);
#208=FACE_OUTER_BOUND('',#342,.T.);
#209=FACE_OUTER_BOUND('',#343,.T.);
#210=FACE_OUTER_BOUND('',#344,.T.);
#211=FACE_OUTER_BOUND('',#345,.T.);
#212=FACE_OUTER_BOUND('',#347,.T.);
#213=FACE_OUTER_BOUND('',#349,.T.);
#214=FACE_OUTER_BOUND('',#350,.T.);
#215=FACE_OUTER_BOUND('',#351,.T.);
#216=FACE_OUTER_BOUND('',#352,.T.);
#217=FACE_OUTER_BOUND('',#353,.T.);
#218=FACE_OUTER_BOUND('',#354,.T.);
#219=FACE_OUTER_BOUND('',#355,.T.);
#220=FACE_OUTER_BOUND('',#356,.T.);
#221=FACE_OUTER_BOUND('',#357,.T.);
#222=FACE_OUTER_BOUND('',#358,.T.);
#223=FACE_OUTER_BOUND('',#359,.T.);
#224=FACE_OUTER_BOUND('',#360,.T.);
#225=FACE_OUTER_BOUND('',#361,.T.);
#226=FACE_OUTER_BOUND('',#362,.T.);
#227=FACE_OUTER_BOUND('',#363,.T.);
#228=FACE_OUTER_BOUND('',#364,.T.);
#229=FACE_OUTER_BOUND('',#365,.T.);
#230=FACE_OUTER_BOUND('',#366,.T.);
#231=FACE_OUTER_BOUND('',#367,.T.);
#232=FACE_OUTER_BOUND('',#368,.T.);
#233=FACE_OUTER_BOUND('',#369,.T.);
#234=FACE_OUTER_BOUND('',#370,.T.);
#235=FACE_OUTER_BOUND('',#371,.T.);
#236=FACE_OUTER_BOUND('',#372,.T.);
#237=FACE_OUTER_BOUND('',#373,.T.);
#238=FACE_OUTER_BOUND('',#374,.T.);
#239=FACE_OUTER_BOUND('',#375,.T.);
#240=FACE_OUTER_BOUND('',#376,.T.);
#241=FACE_OUTER_BOUND('',#377,.T.);
#242=FACE_OUTER_BOUND('',#378,.T.);
#243=FACE_OUTER_BOUND('',#379,.T.);
#244=FACE_OUTER_BOUND('',#380,.T.);
#245=FACE_OUTER_BOUND('',#381,.T.);
#246=FACE_OUTER_BOUND('',#382,.T.);
#247=FACE_OUTER_BOUND('',#383,.T.);
#248=FACE_OUTER_BOUND('',#384,.T.);
#249=FACE_OUTER_BOUND('',#385,.T.);
#250=FACE_OUTER_BOUND('',#386,.T.);
#251=FACE_OUTER_BOUND('',#387,.T.);
#252=FACE_OUTER_BOUND('',#388,.T.);
#253=FACE_OUTER_BOUND('',#389,.T.);
#254=FACE_OUTER_BOUND('',#390,.T.);
#255=FACE_OUTER_BOUND('',#391,.T.);
#256=FACE_OUTER_BOUND('',#392,.T.);
#257=FACE_OUTER_BOUND('',#393,.T.);
#258=FACE_OUTER_BOUND('',#394,.T.);
#259=FACE_OUTER_BOUND('',#395,.T.);
#260=FACE_OUTER_BOUND('',#396,.T.);
#261=FACE_OUTER_BOUND('',#397,.T.);
#262=FACE_OUTER_BOUND('',#398,.T.);
#263=FACE_OUTER_BOUND('',#399,.T.);
#264=FACE_OUTER_BOUND('',#400,.T.);
#265=FACE_OUTER_BOUND('',#401,.T.);
#266=FACE_OUTER_BOUND('',#402,.T.);
#267=FACE_OUTER_BOUND('',#403,.T.);
#268=FACE_OUTER_BOUND('',#405,.T.);
#269=FACE_OUTER_BOUND('',#406,.T.);
#270=FACE_OUTER_BOUND('',#408,.T.);
#271=FACE_OUTER_BOUND('',#409,.T.);
#272=FACE_OUTER_BOUND('',#410,.T.);
#273=FACE_OUTER_BOUND('',#411,.T.);
#274=FACE_OUTER_BOUND('',#412,.T.);
#275=FACE_OUTER_BOUND('',#413,.T.);
#276=FACE_OUTER_BOUND('',#414,.T.);
#277=FACE_OUTER_BOUND('',#415,.T.);
#278=FACE_OUTER_BOUND('',#416,.T.);
#279=FACE_OUTER_BOUND('',#417,.T.);
#280=FACE_OUTER_BOUND('',#419,.T.);
#281=FACE_OUTER_BOUND('',#420,.T.);
#282=FACE_OUTER_BOUND('',#422,.T.);
#283=FACE_OUTER_BOUND('',#423,.T.);
#284=FACE_OUTER_BOUND('',#424,.T.);
#285=FACE_OUTER_BOUND('',#426,.T.);
#286=FACE_OUTER_BOUND('',#427,.T.);
#287=FACE_OUTER_BOUND('',#429,.T.);
#288=FACE_OUTER_BOUND('',#430,.T.);
#289=FACE_OUTER_BOUND('',#431,.T.);
#290=FACE_OUTER_BOUND('',#433,.T.);
#291=FACE_OUTER_BOUND('',#434,.T.);
#292=EDGE_LOOP('',(#1453,#1454,#1455,#1456));
#293=EDGE_LOOP('',(#1457));
#294=EDGE_LOOP('',(#1458));
#295=EDGE_LOOP('',(#1459,#1460,#1461,#1462));
#296=EDGE_LOOP('',(#1463,#1464,#1465,#1466));
#297=EDGE_LOOP('',(#1467,#1468,#1469,#1470));
#298=EDGE_LOOP('',(#1471,#1472,#1473,#1474));
#299=EDGE_LOOP('',(#1475,#1476,#1477,#1478));
#300=EDGE_LOOP('',(#1479,#1480,#1481,#1482));
#301=EDGE_LOOP('',(#1483,#1484,#1485,#1486));
#302=EDGE_LOOP('',(#1487,#1488,#1489,#1490));
#303=EDGE_LOOP('',(#1491));
#304=EDGE_LOOP('',(#1492));
#305=EDGE_LOOP('',(#1493));
#306=EDGE_LOOP('',(#1494,#1495,#1496,#1497));
#307=EDGE_LOOP('',(#1498));
#308=EDGE_LOOP('',(#1499));
#309=EDGE_LOOP('',(#1500));
#310=EDGE_LOOP('',(#1501,#1502,#1503,#1504));
#311=EDGE_LOOP('',(#1505,#1506,#1507,#1508));
#312=EDGE_LOOP('',(#1509,#1510,#1511,#1512));
#313=EDGE_LOOP('',(#1513,#1514,#1515,#1516));
#314=EDGE_LOOP('',(#1517,#1518,#1519,#1520));
#315=EDGE_LOOP('',(#1521,#1522,#1523,#1524));
#316=EDGE_LOOP('',(#1525,#1526,#1527,#1528));
#317=EDGE_LOOP('',(#1529,#1530,#1531,#1532));
#318=EDGE_LOOP('',(#1533,#1534,#1535,#1536));
#319=EDGE_LOOP('',(#1537,#1538,#1539,#1540,#1541,#1542,#1543,#1544));
#320=EDGE_LOOP('',(#1545));
#321=EDGE_LOOP('',(#1546,#1547,#1548,#1549,#1550,#1551,#1552,#1553));
#322=EDGE_LOOP('',(#1554));
#323=EDGE_LOOP('',(#1555,#1556,#1557,#1558));
#324=EDGE_LOOP('',(#1559,#1560,#1561,#1562));
#325=EDGE_LOOP('',(#1563,#1564,#1565,#1566));
#326=EDGE_LOOP('',(#1567,#1568,#1569,#1570));
#327=EDGE_LOOP('',(#1571,#1572,#1573,#1574));
#328=EDGE_LOOP('',(#1575,#1576,#1577,#1578));
#329=EDGE_LOOP('',(#1579,#1580,#1581,#1582));
#330=EDGE_LOOP('',(#1583,#1584,#1585,#1586));
#331=EDGE_LOOP('',(#1587,#1588,#1589,#1590));
#332=EDGE_LOOP('',(#1591,#1592,#1593,#1594,#1595,#1596,#1597,#1598));
#333=EDGE_LOOP('',(#1599));
#334=EDGE_LOOP('',(#1600,#1601,#1602,#1603,#1604,#1605,#1606,#1607));
#335=EDGE_LOOP('',(#1608));
#336=EDGE_LOOP('',(#1609,#1610,#1611,#1612));
#337=EDGE_LOOP('',(#1613,#1614,#1615,#1616));
#338=EDGE_LOOP('',(#1617,#1618,#1619,#1620));
#339=EDGE_LOOP('',(#1621,#1622,#1623,#1624));
#340=EDGE_LOOP('',(#1625,#1626,#1627,#1628));
#341=EDGE_LOOP('',(#1629,#1630,#1631,#1632));
#342=EDGE_LOOP('',(#1633,#1634,#1635,#1636));
#343=EDGE_LOOP('',(#1637,#1638,#1639,#1640));
#344=EDGE_LOOP('',(#1641,#1642,#1643,#1644));
#345=EDGE_LOOP('',(#1645,#1646,#1647,#1648,#1649,#1650,#1651,#1652));
#346=EDGE_LOOP('',(#1653));
#347=EDGE_LOOP('',(#1654,#1655,#1656,#1657,#1658,#1659,#1660,#1661));
#348=EDGE_LOOP('',(#1662));
#349=EDGE_LOOP('',(#1663,#1664,#1665,#1666));
#350=EDGE_LOOP('',(#1667,#1668,#1669,#1670));
#351=EDGE_LOOP('',(#1671,#1672,#1673));
#352=EDGE_LOOP('',(#1674,#1675,#1676,#1677));
#353=EDGE_LOOP('',(#1678,#1679,#1680,#1681));
#354=EDGE_LOOP('',(#1682,#1683,#1684));
#355=EDGE_LOOP('',(#1685,#1686,#1687,#1688));
#356=EDGE_LOOP('',(#1689,#1690,#1691,#1692));
#357=EDGE_LOOP('',(#1693,#1694,#1695));
#358=EDGE_LOOP('',(#1696,#1697,#1698,#1699));
#359=EDGE_LOOP('',(#1700,#1701,#1702,#1703));
#360=EDGE_LOOP('',(#1704,#1705,#1706));
#361=EDGE_LOOP('',(#1707,#1708,#1709,#1710));
#362=EDGE_LOOP('',(#1711,#1712,#1713,#1714));
#363=EDGE_LOOP('',(#1715,#1716,#1717));
#364=EDGE_LOOP('',(#1718,#1719,#1720,#1721));
#365=EDGE_LOOP('',(#1722,#1723,#1724,#1725));
#366=EDGE_LOOP('',(#1726,#1727,#1728));
#367=EDGE_LOOP('',(#1729,#1730,#1731,#1732));
#368=EDGE_LOOP('',(#1733,#1734,#1735,#1736));
#369=EDGE_LOOP('',(#1737,#1738,#1739));
#370=EDGE_LOOP('',(#1740,#1741,#1742,#1743));
#371=EDGE_LOOP('',(#1744,#1745,#1746,#1747));
#372=EDGE_LOOP('',(#1748,#1749,#1750));
#373=EDGE_LOOP('',(#1751,#1752,#1753,#1754));
#374=EDGE_LOOP('',(#1755,#1756,#1757,#1758));
#375=EDGE_LOOP('',(#1759,#1760,#1761));
#376=EDGE_LOOP('',(#1762,#1763,#1764,#1765));
#377=EDGE_LOOP('',(#1766,#1767,#1768,#1769));
#378=EDGE_LOOP('',(#1770,#1771,#1772,#1773));
#379=EDGE_LOOP('',(#1774,#1775,#1776,#1777));
#380=EDGE_LOOP('',(#1778,#1779,#1780,#1781));
#381=EDGE_LOOP('',(#1782,#1783,#1784,#1785));
#382=EDGE_LOOP('',(#1786,#1787,#1788,#1789));
#383=EDGE_LOOP('',(#1790,#1791,#1792,#1793,#1794,#1795,#1796,#1797,#1798,
#1799));
#384=EDGE_LOOP('',(#1800,#1801,#1802,#1803));
#385=EDGE_LOOP('',(#1804,#1805,#1806,#1807));
#386=EDGE_LOOP('',(#1808,#1809,#1810));
#387=EDGE_LOOP('',(#1811,#1812,#1813,#1814));
#388=EDGE_LOOP('',(#1815,#1816,#1817,#1818));
#389=EDGE_LOOP('',(#1819,#1820,#1821));
#390=EDGE_LOOP('',(#1822,#1823,#1824,#1825));
#391=EDGE_LOOP('',(#1826,#1827,#1828,#1829));
#392=EDGE_LOOP('',(#1830,#1831,#1832));
#393=EDGE_LOOP('',(#1833,#1834,#1835,#1836));
#394=EDGE_LOOP('',(#1837,#1838,#1839,#1840));
#395=EDGE_LOOP('',(#1841,#1842,#1843));
#396=EDGE_LOOP('',(#1844,#1845,#1846,#1847));
#397=EDGE_LOOP('',(#1848,#1849,#1850,#1851));
#398=EDGE_LOOP('',(#1852,#1853,#1854));
#399=EDGE_LOOP('',(#1855,#1856,#1857,#1858,#1859,#1860,#1861,#1862,#1863,
#1864,#1865,#1866,#1867,#1868,#1869,#1870,#1871,#1872,#1873,#1874,#1875,
#1876,#1877,#1878,#1879));
#400=EDGE_LOOP('',(#1880,#1881,#1882,#1883,#1884,#1885,#1886,#1887,#1888,
#1889,#1890,#1891,#1892,#1893,#1894,#1895,#1896,#1897,#1898,#1899,#1900,
#1901,#1902,#1903));
#401=EDGE_LOOP('',(#1904,#1905,#1906,#1907,#1908,#1909,#1910,#1911,#1912,
#1913,#1914,#1915,#1916,#1917,#1918,#1919,#1920,#1921,#1922,#1923,#1924,
#1925,#1926,#1927,#1928,#1929,#1930,#1931,#1932,#1933,#1934,#1935,#1936,
#1937,#1938,#1939,#1940,#1941,#1942,#1943,#1944,#1945,#1946,#1947,#1948,
#1949,#1950,#1951,#1952,#1953,#1954,#1955,#1956,#1957,#1958,#1959,#1960,
#1961,#1962,#1963,#1964,#1965));
#402=EDGE_LOOP('',(#1966,#1967,#1968,#1969));
#403=EDGE_LOOP('',(#1970));
#404=EDGE_LOOP('',(#1971));
#405=EDGE_LOOP('',(#1972,#1973,#1974,#1975,#1976,#1977));
#406=EDGE_LOOP('',(#1978));
#407=EDGE_LOOP('',(#1979));
#408=EDGE_LOOP('',(#1980,#1981,#1982,#1983));
#409=EDGE_LOOP('',(#1984,#1985,#1986,#1987,#1988));
#410=EDGE_LOOP('',(#1989,#1990,#1991,#1992,#1993));
#411=EDGE_LOOP('',(#1994,#1995,#1996,#1997));
#412=EDGE_LOOP('',(#1998,#1999,#2000,#2001,#2002));
#413=EDGE_LOOP('',(#2003,#2004,#2005,#2006));
#414=EDGE_LOOP('',(#2007,#2008,#2009,#2010));
#415=EDGE_LOOP('',(#2011,#2012,#2013,#2014));
#416=EDGE_LOOP('',(#2015,#2016,#2017,#2018));
#417=EDGE_LOOP('',(#2019));
#418=EDGE_LOOP('',(#2020));
#419=EDGE_LOOP('',(#2021,#2022,#2023,#2024));
#420=EDGE_LOOP('',(#2025));
#421=EDGE_LOOP('',(#2026));
#422=EDGE_LOOP('',(#2027,#2028,#2029,#2030));
#423=EDGE_LOOP('',(#2031,#2032,#2033,#2034));
#424=EDGE_LOOP('',(#2035));
#425=EDGE_LOOP('',(#2036));
#426=EDGE_LOOP('',(#2037,#2038,#2039,#2040));
#427=EDGE_LOOP('',(#2041));
#428=EDGE_LOOP('',(#2042));
#429=EDGE_LOOP('',(#2043,#2044,#2045,#2046));
#430=EDGE_LOOP('',(#2047,#2048,#2049,#2050));
#431=EDGE_LOOP('',(#2051));
#432=EDGE_LOOP('',(#2052));
#433=EDGE_LOOP('',(#2053,#2054,#2055,#2056));
#434=EDGE_LOOP('',(#2057));
#435=EDGE_LOOP('',(#2058));
#436=LINE('',#3031,#657);
#437=LINE('',#3039,#658);
#438=LINE('',#3045,#659);
#439=LINE('',#3051,#660);
#440=LINE('',#3056,#661);
#441=LINE('',#3058,#662);
#442=LINE('',#3060,#663);
#443=LINE('',#3061,#664);
#444=LINE('',#3064,#665);
#445=LINE('',#3066,#666);
#446=LINE('',#3067,#667);
#447=LINE('',#3070,#668);
#448=LINE('',#3072,#669);
#449=LINE('',#3073,#670);
#450=LINE('',#3083,#671);
#451=LINE('',#3088,#672);
#452=LINE('',#3090,#673);
#453=LINE('',#3092,#674);
#454=LINE('',#3093,#675);
#455=LINE('',#3096,#676);
#456=LINE('',#3098,#677);
#457=LINE('',#3099,#678);
#458=LINE('',#3102,#679);
#459=LINE('',#3104,#680);
#460=LINE('',#3105,#681);
#461=LINE('',#3108,#682);
#462=LINE('',#3110,#683);
#463=LINE('',#3111,#684);
#464=LINE('',#3114,#685);
#465=LINE('',#3116,#686);
#466=LINE('',#3117,#687);
#467=LINE('',#3120,#688);
#468=LINE('',#3122,#689);
#469=LINE('',#3123,#690);
#470=LINE('',#3126,#691);
#471=LINE('',#3128,#692);
#472=LINE('',#3129,#693);
#473=LINE('',#3139,#694);
#474=LINE('',#3144,#695);
#475=LINE('',#3146,#696);
#476=LINE('',#3148,#697);
#477=LINE('',#3149,#698);
#478=LINE('',#3152,#699);
#479=LINE('',#3154,#700);
#480=LINE('',#3155,#701);
#481=LINE('',#3158,#702);
#482=LINE('',#3160,#703);
#483=LINE('',#3161,#704);
#484=LINE('',#3164,#705);
#485=LINE('',#3166,#706);
#486=LINE('',#3167,#707);
#487=LINE('',#3170,#708);
#488=LINE('',#3172,#709);
#489=LINE('',#3173,#710);
#490=LINE('',#3176,#711);
#491=LINE('',#3178,#712);
#492=LINE('',#3179,#713);
#493=LINE('',#3182,#714);
#494=LINE('',#3184,#715);
#495=LINE('',#3185,#716);
#496=LINE('',#3195,#717);
#497=LINE('',#3200,#718);
#498=LINE('',#3202,#719);
#499=LINE('',#3204,#720);
#500=LINE('',#3205,#721);
#501=LINE('',#3208,#722);
#502=LINE('',#3210,#723);
#503=LINE('',#3211,#724);
#504=LINE('',#3214,#725);
#505=LINE('',#3216,#726);
#506=LINE('',#3217,#727);
#507=LINE('',#3220,#728);
#508=LINE('',#3222,#729);
#509=LINE('',#3223,#730);
#510=LINE('',#3226,#731);
#511=LINE('',#3228,#732);
#512=LINE('',#3229,#733);
#513=LINE('',#3232,#734);
#514=LINE('',#3234,#735);
#515=LINE('',#3235,#736);
#516=LINE('',#3241,#737);
#517=LINE('',#3243,#738);
#518=LINE('',#3244,#739);
#519=LINE('',#3250,#740);
#520=LINE('',#3252,#741);
#521=LINE('',#3254,#742);
#522=LINE('',#3255,#743);
#523=LINE('',#3258,#744);
#524=LINE('',#3260,#745);
#525=LINE('',#3261,#746);
#526=LINE('',#3267,#747);
#527=LINE('',#3269,#748);
#528=LINE('',#3271,#749);
#529=LINE('',#3272,#750);
#530=LINE('',#3275,#751);
#531=LINE('',#3277,#752);
#532=LINE('',#3278,#753);
#533=LINE('',#3284,#754);
#534=LINE('',#3286,#755);
#535=LINE('',#3288,#756);
#536=LINE('',#3289,#757);
#537=LINE('',#3292,#758);
#538=LINE('',#3294,#759);
#539=LINE('',#3295,#760);
#540=LINE('',#3301,#761);
#541=LINE('',#3303,#762);
#542=LINE('',#3305,#763);
#543=LINE('',#3306,#764);
#544=LINE('',#3309,#765);
#545=LINE('',#3311,#766);
#546=LINE('',#3312,#767);
#547=LINE('',#3318,#768);
#548=LINE('',#3320,#769);
#549=LINE('',#3322,#770);
#550=LINE('',#3323,#771);
#551=LINE('',#3326,#772);
#552=LINE('',#3328,#773);
#553=LINE('',#3329,#774);
#554=LINE('',#3335,#775);
#555=LINE('',#3337,#776);
#556=LINE('',#3339,#777);
#557=LINE('',#3340,#778);
#558=LINE('',#3343,#779);
#559=LINE('',#3345,#780);
#560=LINE('',#3346,#781);
#561=LINE('',#3352,#782);
#562=LINE('',#3354,#783);
#563=LINE('',#3356,#784);
#564=LINE('',#3357,#785);
#565=LINE('',#3360,#786);
#566=LINE('',#3362,#787);
#567=LINE('',#3363,#788);
#568=LINE('',#3369,#789);
#569=LINE('',#3371,#790);
#570=LINE('',#3373,#791);
#571=LINE('',#3374,#792);
#572=LINE('',#3377,#793);
#573=LINE('',#3379,#794);
#574=LINE('',#3380,#795);
#575=LINE('',#3386,#796);
#576=LINE('',#3388,#797);
#577=LINE('',#3390,#798);
#578=LINE('',#3391,#799);
#579=LINE('',#3394,#800);
#580=LINE('',#3396,#801);
#581=LINE('',#3397,#802);
#582=LINE('',#3403,#803);
#583=LINE('',#3405,#804);
#584=LINE('',#3407,#805);
#585=LINE('',#3408,#806);
#586=LINE('',#3411,#807);
#587=LINE('',#3413,#808);
#588=LINE('',#3414,#809);
#589=LINE('',#3417,#810);
#590=LINE('',#3419,#811);
#591=LINE('',#3420,#812);
#592=LINE('',#3424,#813);
#593=LINE('',#3426,#814);
#594=LINE('',#3428,#815);
#595=LINE('',#3429,#816);
#596=LINE('',#3432,#817);
#597=LINE('',#3434,#818);
#598=LINE('',#3435,#819);
#599=LINE('',#3438,#820);
#600=LINE('',#3440,#821);
#601=LINE('',#3441,#822);
#602=LINE('',#3444,#823);
#603=LINE('',#3446,#824);
#604=LINE('',#3447,#825);
#605=LINE('',#3455,#826);
#606=LINE('',#3457,#827);
#607=LINE('',#3458,#828);
#608=LINE('',#3461,#829);
#609=LINE('',#3463,#830);
#610=LINE('',#3464,#831);
#611=LINE('',#3470,#832);
#612=LINE('',#3472,#833);
#613=LINE('',#3474,#834);
#614=LINE('',#3475,#835);
#615=LINE('',#3477,#836);
#616=LINE('',#3478,#837);
#617=LINE('',#3484,#838);
#618=LINE('',#3486,#839);
#619=LINE('',#3488,#840);
#620=LINE('',#3489,#841);
#621=LINE('',#3492,#842);
#622=LINE('',#3494,#843);
#623=LINE('',#3495,#844);
#624=LINE('',#3501,#845);
#625=LINE('',#3503,#846);
#626=LINE('',#3505,#847);
#627=LINE('',#3506,#848);
#628=LINE('',#3509,#849);
#629=LINE('',#3511,#850);
#630=LINE('',#3512,#851);
#631=LINE('',#3518,#852);
#632=LINE('',#3520,#853);
#633=LINE('',#3522,#854);
#634=LINE('',#3523,#855);
#635=LINE('',#3526,#856);
#636=LINE('',#3528,#857);
#637=LINE('',#3529,#858);
#638=LINE('',#3550,#859);
#639=LINE('',#3556,#860);
#640=LINE('',#3563,#861);
#641=LINE('',#3572,#862);
#642=LINE('',#3575,#863);
#643=LINE('',#3578,#864);
#644=LINE('',#3581,#865);
#645=LINE('',#3585,#866);
#646=LINE('',#3586,#867);
#647=LINE('',#3587,#868);
#648=LINE('',#3591,#869);
#649=LINE('',#3594,#870);
#650=LINE('',#3595,#871);
#651=LINE('',#3769,#872);
#652=LINE('',#3777,#873);
#653=LINE('',#3931,#874);
#654=LINE('',#3939,#875);
#655=LINE('',#4111,#876);
#656=LINE('',#4119,#877);
#657=VECTOR('',#2421,8.);
#658=VECTOR('',#2432,0.5);
#659=VECTOR('',#2439,0.5);
#660=VECTOR('',#2446,0.5);
#661=VECTOR('',#2451,10.);
#662=VECTOR('',#2452,10.);
#663=VECTOR('',#2453,10.);
#664=VECTOR('',#2454,10.);
#665=VECTOR('',#2457,10.);
#666=VECTOR('',#2458,10.);
#667=VECTOR('',#2459,10.);
#668=VECTOR('',#2462,10.);
#669=VECTOR('',#2463,10.);
#670=VECTOR('',#2464,10.);
#671=VECTOR('',#2479,0.5);
#672=VECTOR('',#2484,10.);
#673=VECTOR('',#2485,10.);
#674=VECTOR('',#2486,10.);
#675=VECTOR('',#2487,10.);
#676=VECTOR('',#2490,10.);
#677=VECTOR('',#2491,10.);
#678=VECTOR('',#2492,10.);
#679=VECTOR('',#2495,10.);
#680=VECTOR('',#2496,10.);
#681=VECTOR('',#2497,10.);
#682=VECTOR('',#2500,10.);
#683=VECTOR('',#2501,10.);
#684=VECTOR('',#2502,10.);
#685=VECTOR('',#2505,10.);
#686=VECTOR('',#2506,10.);
#687=VECTOR('',#2507,10.);
#688=VECTOR('',#2510,10.);
#689=VECTOR('',#2511,10.);
#690=VECTOR('',#2512,10.);
#691=VECTOR('',#2515,10.);
#692=VECTOR('',#2516,10.);
#693=VECTOR('',#2517,10.);
#694=VECTOR('',#2532,0.5);
#695=VECTOR('',#2537,10.);
#696=VECTOR('',#2538,10.);
#697=VECTOR('',#2539,10.);
#698=VECTOR('',#2540,10.);
#699=VECTOR('',#2543,10.);
#700=VECTOR('',#2544,10.);
#701=VECTOR('',#2545,10.);
#702=VECTOR('',#2548,10.);
#703=VECTOR('',#2549,10.);
#704=VECTOR('',#2550,10.);
#705=VECTOR('',#2553,10.);
#706=VECTOR('',#2554,10.);
#707=VECTOR('',#2555,10.);
#708=VECTOR('',#2558,10.);
#709=VECTOR('',#2559,10.);
#710=VECTOR('',#2560,10.);
#711=VECTOR('',#2563,10.);
#712=VECTOR('',#2564,10.);
#713=VECTOR('',#2565,10.);
#714=VECTOR('',#2568,10.);
#715=VECTOR('',#2569,10.);
#716=VECTOR('',#2570,10.);
#717=VECTOR('',#2585,0.5);
#718=VECTOR('',#2590,10.);
#719=VECTOR('',#2591,10.);
#720=VECTOR('',#2592,10.);
#721=VECTOR('',#2593,10.);
#722=VECTOR('',#2596,10.);
#723=VECTOR('',#2597,10.);
#724=VECTOR('',#2598,10.);
#725=VECTOR('',#2601,10.);
#726=VECTOR('',#2602,10.);
#727=VECTOR('',#2603,10.);
#728=VECTOR('',#2606,10.);
#729=VECTOR('',#2607,10.);
#730=VECTOR('',#2608,10.);
#731=VECTOR('',#2611,10.);
#732=VECTOR('',#2612,10.);
#733=VECTOR('',#2613,10.);
#734=VECTOR('',#2616,10.);
#735=VECTOR('',#2617,10.);
#736=VECTOR('',#2618,10.);
#737=VECTOR('',#2625,10.);
#738=VECTOR('',#2628,10.);
#739=VECTOR('',#2629,10.);
#740=VECTOR('',#2636,10.);
#741=VECTOR('',#2637,10.);
#742=VECTOR('',#2638,10.);
#743=VECTOR('',#2639,10.);
#744=VECTOR('',#2642,10.);
#745=VECTOR('',#2643,10.);
#746=VECTOR('',#2644,10.);
#747=VECTOR('',#2651,10.);
#748=VECTOR('',#2652,10.);
#749=VECTOR('',#2653,10.);
#750=VECTOR('',#2654,10.);
#751=VECTOR('',#2657,10.);
#752=VECTOR('',#2658,10.);
#753=VECTOR('',#2659,10.);
#754=VECTOR('',#2666,10.);
#755=VECTOR('',#2667,10.);
#756=VECTOR('',#2668,10.);
#757=VECTOR('',#2669,10.);
#758=VECTOR('',#2672,10.);
#759=VECTOR('',#2673,10.);
#760=VECTOR('',#2674,10.);
#761=VECTOR('',#2681,10.);
#762=VECTOR('',#2682,10.);
#763=VECTOR('',#2683,10.);
#764=VECTOR('',#2684,10.);
#765=VECTOR('',#2687,10.);
#766=VECTOR('',#2688,10.);
#767=VECTOR('',#2689,10.);
#768=VECTOR('',#2696,10.);
#769=VECTOR('',#2697,10.);
#770=VECTOR('',#2698,10.);
#771=VECTOR('',#2699,10.);
#772=VECTOR('',#2702,10.);
#773=VECTOR('',#2703,10.);
#774=VECTOR('',#2704,10.);
#775=VECTOR('',#2711,10.);
#776=VECTOR('',#2712,10.);
#777=VECTOR('',#2713,10.);
#778=VECTOR('',#2714,10.);
#779=VECTOR('',#2717,10.);
#780=VECTOR('',#2718,10.);
#781=VECTOR('',#2719,10.);
#782=VECTOR('',#2726,10.);
#783=VECTOR('',#2727,10.);
#784=VECTOR('',#2728,10.);
#785=VECTOR('',#2729,10.);
#786=VECTOR('',#2732,10.);
#787=VECTOR('',#2733,10.);
#788=VECTOR('',#2734,10.);
#789=VECTOR('',#2741,10.);
#790=VECTOR('',#2742,10.);
#791=VECTOR('',#2743,10.);
#792=VECTOR('',#2744,10.);
#793=VECTOR('',#2747,10.);
#794=VECTOR('',#2748,10.);
#795=VECTOR('',#2749,10.);
#796=VECTOR('',#2756,10.);
#797=VECTOR('',#2757,10.);
#798=VECTOR('',#2758,10.);
#799=VECTOR('',#2759,10.);
#800=VECTOR('',#2762,10.);
#801=VECTOR('',#2763,10.);
#802=VECTOR('',#2764,10.);
#803=VECTOR('',#2771,10.);
#804=VECTOR('',#2772,10.);
#805=VECTOR('',#2773,10.);
#806=VECTOR('',#2774,10.);
#807=VECTOR('',#2777,10.);
#808=VECTOR('',#2778,10.);
#809=VECTOR('',#2779,10.);
#810=VECTOR('',#2782,10.);
#811=VECTOR('',#2783,10.);
#812=VECTOR('',#2784,10.);
#813=VECTOR('',#2787,10.);
#814=VECTOR('',#2788,10.);
#815=VECTOR('',#2789,10.);
#816=VECTOR('',#2790,10.);
#817=VECTOR('',#2793,10.);
#818=VECTOR('',#2794,10.);
#819=VECTOR('',#2795,10.);
#820=VECTOR('',#2798,10.);
#821=VECTOR('',#2799,10.);
#822=VECTOR('',#2800,10.);
#823=VECTOR('',#2803,10.);
#824=VECTOR('',#2804,10.);
#825=VECTOR('',#2805,10.);
#826=VECTOR('',#2816,10.);
#827=VECTOR('',#2817,10.);
#828=VECTOR('',#2818,10.);
#829=VECTOR('',#2821,10.);
#830=VECTOR('',#2822,10.);
#831=VECTOR('',#2823,10.);
#832=VECTOR('',#2830,10.);
#833=VECTOR('',#2831,10.);
#834=VECTOR('',#2832,10.);
#835=VECTOR('',#2833,10.);
#836=VECTOR('',#2836,10.);
#837=VECTOR('',#2837,10.);
#838=VECTOR('',#2844,10.);
#839=VECTOR('',#2845,10.);
#840=VECTOR('',#2846,10.);
#841=VECTOR('',#2847,10.);
#842=VECTOR('',#2850,10.);
#843=VECTOR('',#2851,10.);
#844=VECTOR('',#2852,10.);
#845=VECTOR('',#2859,10.);
#846=VECTOR('',#2860,10.);
#847=VECTOR('',#2861,10.);
#848=VECTOR('',#2862,10.);
#849=VECTOR('',#2865,10.);
#850=VECTOR('',#2866,10.);
#851=VECTOR('',#2867,10.);
#852=VECTOR('',#2874,10.);
#853=VECTOR('',#2875,10.);
#854=VECTOR('',#2876,10.);
#855=VECTOR('',#2877,10.);
#856=VECTOR('',#2880,10.);
#857=VECTOR('',#2881,10.);
#858=VECTOR('',#2882,10.);
#859=VECTOR('',#2921,3.);
#860=VECTOR('',#2928,3.5);
#861=VECTOR('',#2937,5.);
#862=VECTOR('',#2948,10.);
#863=VECTOR('',#2951,10.);
#864=VECTOR('',#2954,10.);
#865=VECTOR('',#2957,10.);
#866=VECTOR('',#2960,10.);
#867=VECTOR('',#2961,10.);
#868=VECTOR('',#2962,10.);
#869=VECTOR('',#2967,10.);
#870=VECTOR('',#2970,10.);
#871=VECTOR('',#2971,10.);
#872=VECTOR('',#2980,1.25);
#873=VECTOR('',#2991,0.5);
#874=VECTOR('',#2996,1.25);
#875=VECTOR('',#3007,0.5);
#876=VECTOR('',#3012,1.25);
#877=VECTOR('',#3023,0.5);
#878=CIRCLE('',#2222,8.);
#879=CIRCLE('',#2223,8.);
#880=CIRCLE('',#2227,0.5);
#881=CIRCLE('',#2228,0.5);
#882=CIRCLE('',#2230,0.5);
#883=CIRCLE('',#2231,0.5);
#884=CIRCLE('',#2233,0.5);
#885=CIRCLE('',#2234,0.5);
#886=CIRCLE('',#2239,8.5);
#887=CIRCLE('',#2240,8.5);
#888=CIRCLE('',#2244,0.5);
#889=CIRCLE('',#2245,0.5);
#890=CIRCLE('',#2254,1.49999996647241);
#891=CIRCLE('',#2255,1.49999996647241);
#892=CIRCLE('',#2259,0.5);
#893=CIRCLE('',#2260,0.5);
#894=CIRCLE('',#2269,1.5);
#895=CIRCLE('',#2270,1.5);
#896=CIRCLE('',#2274,0.5);
#897=CIRCLE('',#2275,0.5);
#898=CIRCLE('',#2283,1.4999999664724);
#899=CIRCLE('',#2284,1.4999999664724);
#900=CIRCLE('',#2291,3.);
#901=CIRCLE('',#2295,3.);
#902=CIRCLE('',#2299,3.);
#903=CIRCLE('',#2303,3.);
#904=CIRCLE('',#2307,3.);
#905=CIRCLE('',#2311,3.);
#906=CIRCLE('',#2315,3.);
#907=CIRCLE('',#2319,3.);
#908=CIRCLE('',#2323,3.);
#909=CIRCLE('',#2332,3.);
#910=CIRCLE('',#2333,3.);
#911=CIRCLE('',#2334,3.);
#912=CIRCLE('',#2338,3.);
#913=CIRCLE('',#2342,3.);
#914=CIRCLE('',#2346,3.);
#915=CIRCLE('',#2350,3.);
#916=CIRCLE('',#2354,3.);
#917=CIRCLE('',#2356,3.);
#918=CIRCLE('',#2357,3.);
#919=CIRCLE('',#2358,3.);
#920=CIRCLE('',#2359,3.);
#921=CIRCLE('',#2360,3.);
#922=CIRCLE('',#2361,3.);
#923=CIRCLE('',#2362,3.);
#924=CIRCLE('',#2364,3.);
#925=CIRCLE('',#2365,3.);
#926=CIRCLE('',#2366,3.);
#927=CIRCLE('',#2367,3.);
#928=CIRCLE('',#2368,3.);
#929=CIRCLE('',#2369,3.);
#930=CIRCLE('',#2370,3.);
#931=CIRCLE('',#2372,3.);
#932=CIRCLE('',#2374,3.4635);
#933=CIRCLE('',#2375,3.4635);
#934=CIRCLE('',#2378,5.);
#935=CIRCLE('',#2379,5.);
#936=CIRCLE('',#2380,5.);
#937=CIRCLE('',#2381,5.);
#938=CIRCLE('',#2384,8.);
#939=CIRCLE('',#2386,7.99999999999999);
#940=CIRCLE('',#2389,8.);
#941=CIRCLE('',#2392,7.99999999999999);
#942=CIRCLE('',#2395,1.25);
#943=CIRCLE('',#2397,0.553589838486225);
#944=CIRCLE('',#2399,0.5);
#945=CIRCLE('',#2402,1.25);
#946=CIRCLE('',#2404,0.553589838486225);
#947=CIRCLE('',#2406,0.5);
#948=CIRCLE('',#2409,1.25);
#949=CIRCLE('',#2411,0.553589838486225);
#950=CIRCLE('',#2413,0.5);
#951=VERTEX_POINT('',#3028);
#952=VERTEX_POINT('',#3030);
#953=VERTEX_POINT('',#3036);
#954=VERTEX_POINT('',#3038);
#955=VERTEX_POINT('',#3042);
#956=VERTEX_POINT('',#3044);
#957=VERTEX_POINT('',#3048);
#958=VERTEX_POINT('',#3050);
#959=VERTEX_POINT('',#3054);
#960=VERTEX_POINT('',#3055);
#961=VERTEX_POINT('',#3057);
#962=VERTEX_POINT('',#3059);
#963=VERTEX_POINT('',#3063);
#964=VERTEX_POINT('',#3065);
#965=VERTEX_POINT('',#3069);
#966=VERTEX_POINT('',#3071);
#967=VERTEX_POINT('',#3080);
#968=VERTEX_POINT('',#3082);
#969=VERTEX_POINT('',#3086);
#970=VERTEX_POINT('',#3087);
#971=VERTEX_POINT('',#3089);
#972=VERTEX_POINT('',#3091);
#973=VERTEX_POINT('',#3095);
#974=VERTEX_POINT('',#3097);
#975=VERTEX_POINT('',#3101);
#976=VERTEX_POINT('',#3103);
#977=VERTEX_POINT('',#3107);
#978=VERTEX_POINT('',#3109);
#979=VERTEX_POINT('',#3113);
#980=VERTEX_POINT('',#3115);
#981=VERTEX_POINT('',#3119);
#982=VERTEX_POINT('',#3121);
#983=VERTEX_POINT('',#3125);
#984=VERTEX_POINT('',#3127);
#985=VERTEX_POINT('',#3136);
#986=VERTEX_POINT('',#3138);
#987=VERTEX_POINT('',#3142);
#988=VERTEX_POINT('',#3143);
#989=VERTEX_POINT('',#3145);
#990=VERTEX_POINT('',#3147);
#991=VERTEX_POINT('',#3151);
#992=VERTEX_POINT('',#3153);
#993=VERTEX_POINT('',#3157);
#994=VERTEX_POINT('',#3159);
#995=VERTEX_POINT('',#3163);
#996=VERTEX_POINT('',#3165);
#997=VERTEX_POINT('',#3169);
#998=VERTEX_POINT('',#3171);
#999=VERTEX_POINT('',#3175);
#1000=VERTEX_POINT('',#3177);
#1001=VERTEX_POINT('',#3181);
#1002=VERTEX_POINT('',#3183);
#1003=VERTEX_POINT('',#3192);
#1004=VERTEX_POINT('',#3194);
#1005=VERTEX_POINT('',#3198);
#1006=VERTEX_POINT('',#3199);
#1007=VERTEX_POINT('',#3201);
#1008=VERTEX_POINT('',#3203);
#1009=VERTEX_POINT('',#3207);
#1010=VERTEX_POINT('',#3209);
#1011=VERTEX_POINT('',#3213);
#1012=VERTEX_POINT('',#3215);
#1013=VERTEX_POINT('',#3219);
#1014=VERTEX_POINT('',#3221);
#1015=VERTEX_POINT('',#3225);
#1016=VERTEX_POINT('',#3227);
#1017=VERTEX_POINT('',#3231);
#1018=VERTEX_POINT('',#3233);
#1019=VERTEX_POINT('',#3237);
#1020=VERTEX_POINT('',#3239);
#1021=VERTEX_POINT('',#3248);
#1022=VERTEX_POINT('',#3249);
#1023=VERTEX_POINT('',#3251);
#1024=VERTEX_POINT('',#3253);
#1025=VERTEX_POINT('',#3257);
#1026=VERTEX_POINT('',#3259);
#1027=VERTEX_POINT('',#3265);
#1028=VERTEX_POINT('',#3266);
#1029=VERTEX_POINT('',#3268);
#1030=VERTEX_POINT('',#3270);
#1031=VERTEX_POINT('',#3274);
#1032=VERTEX_POINT('',#3276);
#1033=VERTEX_POINT('',#3282);
#1034=VERTEX_POINT('',#3283);
#1035=VERTEX_POINT('',#3285);
#1036=VERTEX_POINT('',#3287);
#1037=VERTEX_POINT('',#3291);
#1038=VERTEX_POINT('',#3293);
#1039=VERTEX_POINT('',#3299);
#1040=VERTEX_POINT('',#3300);
#1041=VERTEX_POINT('',#3302);
#1042=VERTEX_POINT('',#3304);
#1043=VERTEX_POINT('',#3308);
#1044=VERTEX_POINT('',#3310);
#1045=VERTEX_POINT('',#3316);
#1046=VERTEX_POINT('',#3317);
#1047=VERTEX_POINT('',#3319);
#1048=VERTEX_POINT('',#3321);
#1049=VERTEX_POINT('',#3325);
#1050=VERTEX_POINT('',#3327);
#1051=VERTEX_POINT('',#3333);
#1052=VERTEX_POINT('',#3334);
#1053=VERTEX_POINT('',#3336);
#1054=VERTEX_POINT('',#3338);
#1055=VERTEX_POINT('',#3342);
#1056=VERTEX_POINT('',#3344);
#1057=VERTEX_POINT('',#3350);
#1058=VERTEX_POINT('',#3351);
#1059=VERTEX_POINT('',#3353);
#1060=VERTEX_POINT('',#3355);
#1061=VERTEX_POINT('',#3359);
#1062=VERTEX_POINT('',#3361);
#1063=VERTEX_POINT('',#3367);
#1064=VERTEX_POINT('',#3368);
#1065=VERTEX_POINT('',#3370);
#1066=VERTEX_POINT('',#3372);
#1067=VERTEX_POINT('',#3376);
#1068=VERTEX_POINT('',#3378);
#1069=VERTEX_POINT('',#3384);
#1070=VERTEX_POINT('',#3385);
#1071=VERTEX_POINT('',#3387);
#1072=VERTEX_POINT('',#3389);
#1073=VERTEX_POINT('',#3393);
#1074=VERTEX_POINT('',#3395);
#1075=VERTEX_POINT('',#3401);
#1076=VERTEX_POINT('',#3402);
#1077=VERTEX_POINT('',#3404);
#1078=VERTEX_POINT('',#3406);
#1079=VERTEX_POINT('',#3410);
#1080=VERTEX_POINT('',#3412);
#1081=VERTEX_POINT('',#3416);
#1082=VERTEX_POINT('',#3418);
#1083=VERTEX_POINT('',#3422);
#1084=VERTEX_POINT('',#3423);
#1085=VERTEX_POINT('',#3425);
#1086=VERTEX_POINT('',#3427);
#1087=VERTEX_POINT('',#3431);
#1088=VERTEX_POINT('',#3433);
#1089=VERTEX_POINT('',#3437);
#1090=VERTEX_POINT('',#3439);
#1091=VERTEX_POINT('',#3443);
#1092=VERTEX_POINT('',#3445);
#1093=VERTEX_POINT('',#3450);
#1094=VERTEX_POINT('',#3454);
#1095=VERTEX_POINT('',#3456);
#1096=VERTEX_POINT('',#3460);
#1097=VERTEX_POINT('',#3462);
#1098=VERTEX_POINT('',#3468);
#1099=VERTEX_POINT('',#3469);
#1100=VERTEX_POINT('',#3471);
#1101=VERTEX_POINT('',#3473);
#1102=VERTEX_POINT('',#3482);
#1103=VERTEX_POINT('',#3483);
#1104=VERTEX_POINT('',#3485);
#1105=VERTEX_POINT('',#3487);
#1106=VERTEX_POINT('',#3491);
#1107=VERTEX_POINT('',#3493);
#1108=VERTEX_POINT('',#3499);
#1109=VERTEX_POINT('',#3500);
#1110=VERTEX_POINT('',#3502);
#1111=VERTEX_POINT('',#3504);
#1112=VERTEX_POINT('',#3508);
#1113=VERTEX_POINT('',#3510);
#1114=VERTEX_POINT('',#3516);
#1115=VERTEX_POINT('',#3517);
#1116=VERTEX_POINT('',#3519);
#1117=VERTEX_POINT('',#3521);
#1118=VERTEX_POINT('',#3525);
#1119=VERTEX_POINT('',#3527);
#1120=VERTEX_POINT('',#3549);
#1121=VERTEX_POINT('',#3553);
#1122=VERTEX_POINT('',#3555);
#1123=VERTEX_POINT('',#3560);
#1124=VERTEX_POINT('',#3562);
#1125=VERTEX_POINT('',#3564);
#1126=VERTEX_POINT('',#3566);
#1127=VERTEX_POINT('',#3571);
#1128=VERTEX_POINT('',#3573);
#1129=VERTEX_POINT('',#3577);
#1130=VERTEX_POINT('',#3579);
#1131=VERTEX_POINT('',#3583);
#1132=VERTEX_POINT('',#3584);
#1133=VERTEX_POINT('',#3589);
#1134=VERTEX_POINT('',#3593);
#1135=VERTEX_POINT('',#3718);
#1136=VERTEX_POINT('',#3719);
#1137=VERTEX_POINT('',#3768);
#1138=VERTEX_POINT('',#3772);
#1139=VERTEX_POINT('',#3775);
#1140=VERTEX_POINT('',#3884);
#1141=VERTEX_POINT('',#3885);
#1142=VERTEX_POINT('',#3930);
#1143=VERTEX_POINT('',#3934);
#1144=VERTEX_POINT('',#3937);
#1145=VERTEX_POINT('',#4060);
#1146=VERTEX_POINT('',#4061);
#1147=VERTEX_POINT('',#4110);
#1148=VERTEX_POINT('',#4114);
#1149=VERTEX_POINT('',#4117);
#1150=EDGE_CURVE('',#951,#951,#878,.T.);
#1151=EDGE_CURVE('',#951,#952,#436,.T.);
#1152=EDGE_CURVE('',#952,#952,#879,.T.);
#1153=EDGE_CURVE('',#953,#953,#880,.T.);
#1154=EDGE_CURVE('',#953,#954,#437,.T.);
#1155=EDGE_CURVE('',#954,#954,#881,.T.);
#1156=EDGE_CURVE('',#955,#955,#882,.T.);
#1157=EDGE_CURVE('',#955,#956,#438,.T.);
#1158=EDGE_CURVE('',#956,#956,#883,.T.);
#1159=EDGE_CURVE('',#957,#957,#884,.T.);
#1160=EDGE_CURVE('',#957,#958,#439,.T.);
#1161=EDGE_CURVE('',#958,#958,#885,.T.);
#1162=EDGE_CURVE('',#959,#960,#440,.T.);
#1163=EDGE_CURVE('',#960,#961,#441,.T.);
#1164=EDGE_CURVE('',#962,#961,#442,.T.);
#1165=EDGE_CURVE('',#959,#962,#443,.T.);
#1166=EDGE_CURVE('',#963,#959,#444,.T.);
#1167=EDGE_CURVE('',#964,#962,#445,.T.);
#1168=EDGE_CURVE('',#963,#964,#446,.T.);
#1169=EDGE_CURVE('',#965,#963,#447,.T.);
#1170=EDGE_CURVE('',#966,#964,#448,.T.);
#1171=EDGE_CURVE('',#965,#966,#449,.T.);
#1172=EDGE_CURVE('',#960,#965,#886,.T.);
#1173=EDGE_CURVE('',#961,#966,#887,.T.);
#1174=EDGE_CURVE('',#967,#967,#888,.T.);
#1175=EDGE_CURVE('',#967,#968,#450,.T.);
#1176=EDGE_CURVE('',#968,#968,#889,.T.);
#1177=EDGE_CURVE('',#969,#970,#451,.T.);
#1178=EDGE_CURVE('',#969,#971,#452,.T.);
#1179=EDGE_CURVE('',#972,#971,#453,.T.);
#1180=EDGE_CURVE('',#970,#972,#454,.T.);
#1181=EDGE_CURVE('',#970,#973,#455,.T.);
#1182=EDGE_CURVE('',#974,#972,#456,.T.);
#1183=EDGE_CURVE('',#973,#974,#457,.T.);
#1184=EDGE_CURVE('',#973,#975,#458,.T.);
#1185=EDGE_CURVE('',#976,#974,#459,.T.);
#1186=EDGE_CURVE('',#975,#976,#460,.T.);
#1187=EDGE_CURVE('',#975,#977,#461,.T.);
#1188=EDGE_CURVE('',#978,#976,#462,.T.);
#1189=EDGE_CURVE('',#977,#978,#463,.T.);
#1190=EDGE_CURVE('',#977,#979,#464,.T.);
#1191=EDGE_CURVE('',#980,#978,#465,.T.);
#1192=EDGE_CURVE('',#979,#980,#466,.T.);
#1193=EDGE_CURVE('',#981,#979,#467,.T.);
#1194=EDGE_CURVE('',#982,#980,#468,.T.);
#1195=EDGE_CURVE('',#981,#982,#469,.T.);
#1196=EDGE_CURVE('',#981,#983,#470,.T.);
#1197=EDGE_CURVE('',#984,#982,#471,.T.);
#1198=EDGE_CURVE('',#983,#984,#472,.T.);
#1199=EDGE_CURVE('',#969,#983,#890,.T.);
#1200=EDGE_CURVE('',#971,#984,#891,.T.);
#1201=EDGE_CURVE('',#985,#985,#892,.T.);
#1202=EDGE_CURVE('',#985,#986,#473,.T.);
#1203=EDGE_CURVE('',#986,#986,#893,.T.);
#1204=EDGE_CURVE('',#987,#988,#474,.T.);
#1205=EDGE_CURVE('',#987,#989,#475,.T.);
#1206=EDGE_CURVE('',#990,#989,#476,.T.);
#1207=EDGE_CURVE('',#988,#990,#477,.T.);
#1208=EDGE_CURVE('',#988,#991,#478,.T.);
#1209=EDGE_CURVE('',#992,#990,#479,.T.);
#1210=EDGE_CURVE('',#991,#992,#480,.T.);
#1211=EDGE_CURVE('',#991,#993,#481,.T.);
#1212=EDGE_CURVE('',#994,#992,#482,.T.);
#1213=EDGE_CURVE('',#993,#994,#483,.T.);
#1214=EDGE_CURVE('',#993,#995,#484,.T.);
#1215=EDGE_CURVE('',#996,#994,#485,.T.);
#1216=EDGE_CURVE('',#995,#996,#486,.T.);
#1217=EDGE_CURVE('',#995,#997,#487,.T.);
#1218=EDGE_CURVE('',#998,#996,#488,.T.);
#1219=EDGE_CURVE('',#997,#998,#489,.T.);
#1220=EDGE_CURVE('',#997,#999,#490,.T.);
#1221=EDGE_CURVE('',#1000,#998,#491,.T.);
#1222=EDGE_CURVE('',#999,#1000,#492,.T.);
#1223=EDGE_CURVE('',#999,#1001,#493,.T.);
#1224=EDGE_CURVE('',#1002,#1000,#494,.T.);
#1225=EDGE_CURVE('',#1001,#1002,#495,.T.);
#1226=EDGE_CURVE('',#987,#1001,#894,.T.);
#1227=EDGE_CURVE('',#989,#1002,#895,.T.);
#1228=EDGE_CURVE('',#1003,#1003,#896,.T.);
#1229=EDGE_CURVE('',#1003,#1004,#496,.T.);
#1230=EDGE_CURVE('',#1004,#1004,#897,.T.);
#1231=EDGE_CURVE('',#1005,#1006,#497,.T.);
#1232=EDGE_CURVE('',#1005,#1007,#498,.T.);
#1233=EDGE_CURVE('',#1008,#1007,#499,.T.);
#1234=EDGE_CURVE('',#1006,#1008,#500,.T.);
#1235=EDGE_CURVE('',#1006,#1009,#501,.T.);
#1236=EDGE_CURVE('',#1010,#1008,#502,.T.);
#1237=EDGE_CURVE('',#1009,#1010,#503,.T.);
#1238=EDGE_CURVE('',#1009,#1011,#504,.T.);
#1239=EDGE_CURVE('',#1012,#1010,#505,.T.);
#1240=EDGE_CURVE('',#1011,#1012,#506,.T.);
#1241=EDGE_CURVE('',#1011,#1013,#507,.T.);
#1242=EDGE_CURVE('',#1014,#1012,#508,.T.);
#1243=EDGE_CURVE('',#1013,#1014,#509,.T.);
#1244=EDGE_CURVE('',#1013,#1015,#510,.T.);
#1245=EDGE_CURVE('',#1016,#1014,#511,.T.);
#1246=EDGE_CURVE('',#1015,#1016,#512,.T.);
#1247=EDGE_CURVE('',#1015,#1017,#513,.T.);
#1248=EDGE_CURVE('',#1018,#1016,#514,.T.);
#1249=EDGE_CURVE('',#1017,#1018,#515,.T.);
#1250=EDGE_CURVE('',#1019,#1017,#898,.T.);
#1251=EDGE_CURVE('',#1020,#1018,#899,.T.);
#1252=EDGE_CURVE('',#1019,#1020,#516,.T.);
#1253=EDGE_CURVE('',#1019,#1005,#517,.T.);
#1254=EDGE_CURVE('',#1007,#1020,#518,.T.);
#1255=EDGE_CURVE('',#1021,#1022,#519,.T.);
#1256=EDGE_CURVE('',#1021,#1023,#520,.T.);
#1257=EDGE_CURVE('',#1023,#1024,#521,.T.);
#1258=EDGE_CURVE('',#1022,#1024,#522,.T.);
#1259=EDGE_CURVE('',#1025,#1021,#523,.T.);
#1260=EDGE_CURVE('',#1026,#1025,#524,.T.);
#1261=EDGE_CURVE('',#1026,#1023,#525,.T.);
#1262=EDGE_CURVE('',#1024,#1026,#900,.T.);
#1263=EDGE_CURVE('',#1027,#1028,#526,.T.);
#1264=EDGE_CURVE('',#1027,#1029,#527,.T.);
#1265=EDGE_CURVE('',#1029,#1030,#528,.T.);
#1266=EDGE_CURVE('',#1028,#1030,#529,.T.);
#1267=EDGE_CURVE('',#1031,#1027,#530,.T.);
#1268=EDGE_CURVE('',#1032,#1031,#531,.T.);
#1269=EDGE_CURVE('',#1032,#1029,#532,.T.);
#1270=EDGE_CURVE('',#1030,#1032,#901,.T.);
#1271=EDGE_CURVE('',#1033,#1034,#533,.T.);
#1272=EDGE_CURVE('',#1033,#1035,#534,.T.);
#1273=EDGE_CURVE('',#1035,#1036,#535,.T.);
#1274=EDGE_CURVE('',#1034,#1036,#536,.T.);
#1275=EDGE_CURVE('',#1037,#1033,#537,.T.);
#1276=EDGE_CURVE('',#1038,#1037,#538,.T.);
#1277=EDGE_CURVE('',#1038,#1035,#539,.T.);
#1278=EDGE_CURVE('',#1036,#1038,#902,.T.);
#1279=EDGE_CURVE('',#1039,#1040,#540,.T.);
#1280=EDGE_CURVE('',#1039,#1041,#541,.T.);
#1281=EDGE_CURVE('',#1041,#1042,#542,.T.);
#1282=EDGE_CURVE('',#1040,#1042,#543,.T.);
#1283=EDGE_CURVE('',#1043,#1039,#544,.T.);
#1284=EDGE_CURVE('',#1044,#1043,#545,.T.);
#1285=EDGE_CURVE('',#1044,#1041,#546,.T.);
#1286=EDGE_CURVE('',#1042,#1044,#903,.T.);
#1287=EDGE_CURVE('',#1045,#1046,#547,.T.);
#1288=EDGE_CURVE('',#1045,#1047,#548,.T.);
#1289=EDGE_CURVE('',#1047,#1048,#549,.T.);
#1290=EDGE_CURVE('',#1046,#1048,#550,.T.);
#1291=EDGE_CURVE('',#1049,#1045,#551,.T.);
#1292=EDGE_CURVE('',#1050,#1049,#552,.T.);
#1293=EDGE_CURVE('',#1050,#1047,#553,.T.);
#1294=EDGE_CURVE('',#1048,#1050,#904,.T.);
#1295=EDGE_CURVE('',#1051,#1052,#554,.T.);
#1296=EDGE_CURVE('',#1051,#1053,#555,.T.);
#1297=EDGE_CURVE('',#1053,#1054,#556,.T.);
#1298=EDGE_CURVE('',#1052,#1054,#557,.T.);
#1299=EDGE_CURVE('',#1055,#1051,#558,.T.);
#1300=EDGE_CURVE('',#1056,#1055,#559,.T.);
#1301=EDGE_CURVE('',#1056,#1053,#560,.T.);
#1302=EDGE_CURVE('',#1054,#1056,#905,.T.);
#1303=EDGE_CURVE('',#1057,#1058,#561,.T.);
#1304=EDGE_CURVE('',#1057,#1059,#562,.T.);
#1305=EDGE_CURVE('',#1059,#1060,#563,.T.);
#1306=EDGE_CURVE('',#1058,#1060,#564,.T.);
#1307=EDGE_CURVE('',#1061,#1057,#565,.T.);
#1308=EDGE_CURVE('',#1062,#1061,#566,.T.);
#1309=EDGE_CURVE('',#1062,#1059,#567,.T.);
#1310=EDGE_CURVE('',#1060,#1062,#906,.T.);
#1311=EDGE_CURVE('',#1063,#1064,#568,.T.);
#1312=EDGE_CURVE('',#1063,#1065,#569,.T.);
#1313=EDGE_CURVE('',#1065,#1066,#570,.T.);
#1314=EDGE_CURVE('',#1064,#1066,#571,.T.);
#1315=EDGE_CURVE('',#1067,#1063,#572,.T.);
#1316=EDGE_CURVE('',#1068,#1067,#573,.T.);
#1317=EDGE_CURVE('',#1068,#1065,#574,.T.);
#1318=EDGE_CURVE('',#1066,#1068,#907,.T.);
#1319=EDGE_CURVE('',#1069,#1070,#575,.T.);
#1320=EDGE_CURVE('',#1069,#1071,#576,.T.);
#1321=EDGE_CURVE('',#1071,#1072,#577,.T.);
#1322=EDGE_CURVE('',#1070,#1072,#578,.T.);
#1323=EDGE_CURVE('',#1073,#1069,#579,.T.);
#1324=EDGE_CURVE('',#1074,#1073,#580,.T.);
#1325=EDGE_CURVE('',#1074,#1071,#581,.T.);
#1326=EDGE_CURVE('',#1072,#1074,#908,.T.);
#1327=EDGE_CURVE('',#1075,#1076,#582,.T.);
#1328=EDGE_CURVE('',#1075,#1077,#583,.T.);
#1329=EDGE_CURVE('',#1077,#1078,#584,.T.);
#1330=EDGE_CURVE('',#1076,#1078,#585,.T.);
#1331=EDGE_CURVE('',#1079,#1075,#586,.T.);
#1332=EDGE_CURVE('',#1079,#1080,#587,.T.);
#1333=EDGE_CURVE('',#1080,#1077,#588,.T.);
#1334=EDGE_CURVE('',#1081,#1079,#589,.T.);
#1335=EDGE_CURVE('',#1082,#1081,#590,.T.);
#1336=EDGE_CURVE('',#1082,#1080,#591,.T.);
#1337=EDGE_CURVE('',#1083,#1084,#592,.T.);
#1338=EDGE_CURVE('',#1083,#1085,#593,.T.);
#1339=EDGE_CURVE('',#1085,#1086,#594,.T.);
#1340=EDGE_CURVE('',#1084,#1086,#595,.T.);
#1341=EDGE_CURVE('',#1087,#1083,#596,.T.);
#1342=EDGE_CURVE('',#1087,#1088,#597,.T.);
#1343=EDGE_CURVE('',#1088,#1085,#598,.T.);
#1344=EDGE_CURVE('',#1089,#1087,#599,.T.);
#1345=EDGE_CURVE('',#1089,#1090,#600,.T.);
#1346=EDGE_CURVE('',#1090,#1088,#601,.T.);
#1347=EDGE_CURVE('',#1091,#1089,#602,.T.);
#1348=EDGE_CURVE('',#1092,#1091,#603,.T.);
#1349=EDGE_CURVE('',#1092,#1090,#604,.T.);
#1350=EDGE_CURVE('',#1078,#1092,#909,.T.);
#1351=EDGE_CURVE('',#1093,#1082,#910,.T.);
#1352=EDGE_CURVE('',#1086,#1093,#911,.T.);
#1353=EDGE_CURVE('',#1094,#1081,#605,.T.);
#1354=EDGE_CURVE('',#1094,#1095,#606,.T.);
#1355=EDGE_CURVE('',#1095,#1082,#607,.T.);
#1356=EDGE_CURVE('',#1096,#1094,#608,.T.);
#1357=EDGE_CURVE('',#1097,#1096,#609,.T.);
#1358=EDGE_CURVE('',#1097,#1095,#610,.T.);
#1359=EDGE_CURVE('',#1082,#1097,#912,.T.);
#1360=EDGE_CURVE('',#1098,#1099,#611,.T.);
#1361=EDGE_CURVE('',#1098,#1100,#612,.T.);
#1362=EDGE_CURVE('',#1100,#1101,#613,.T.);
#1363=EDGE_CURVE('',#1099,#1101,#614,.T.);
#1364=EDGE_CURVE('',#1084,#1098,#615,.T.);
#1365=EDGE_CURVE('',#1086,#1100,#616,.T.);
#1366=EDGE_CURVE('',#1101,#1086,#913,.T.);
#1367=EDGE_CURVE('',#1102,#1103,#617,.T.);
#1368=EDGE_CURVE('',#1102,#1104,#618,.T.);
#1369=EDGE_CURVE('',#1104,#1105,#619,.T.);
#1370=EDGE_CURVE('',#1103,#1105,#620,.T.);
#1371=EDGE_CURVE('',#1106,#1102,#621,.T.);
#1372=EDGE_CURVE('',#1107,#1106,#622,.T.);
#1373=EDGE_CURVE('',#1107,#1104,#623,.T.);
#1374=EDGE_CURVE('',#1105,#1107,#914,.T.);
#1375=EDGE_CURVE('',#1108,#1109,#624,.T.);
#1376=EDGE_CURVE('',#1108,#1110,#625,.T.);
#1377=EDGE_CURVE('',#1110,#1111,#626,.T.);
#1378=EDGE_CURVE('',#1109,#1111,#627,.T.);
#1379=EDGE_CURVE('',#1112,#1108,#628,.T.);
#1380=EDGE_CURVE('',#1113,#1112,#629,.T.);
#1381=EDGE_CURVE('',#1113,#1110,#630,.T.);
#1382=EDGE_CURVE('',#1111,#1113,#915,.T.);
#1383=EDGE_CURVE('',#1114,#1115,#631,.T.);
#1384=EDGE_CURVE('',#1114,#1116,#632,.T.);
#1385=EDGE_CURVE('',#1116,#1117,#633,.T.);
#1386=EDGE_CURVE('',#1115,#1117,#634,.T.);
#1387=EDGE_CURVE('',#1118,#1114,#635,.T.);
#1388=EDGE_CURVE('',#1119,#1118,#636,.T.);
#1389=EDGE_CURVE('',#1119,#1116,#637,.T.);
#1390=EDGE_CURVE('',#1117,#1119,#916,.T.);
#1391=EDGE_CURVE('',#1034,#1061,#917,.T.);
#1392=EDGE_CURVE('',#1058,#1073,#918,.T.);
#1393=EDGE_CURVE('',#1070,#1091,#919,.T.);
#1394=EDGE_CURVE('',#1099,#1112,#920,.T.);
#1395=EDGE_CURVE('',#1109,#1067,#921,.T.);
#1396=EDGE_CURVE('',#1064,#1055,#922,.T.);
#1397=EDGE_CURVE('',#1052,#1037,#923,.T.);
#1398=EDGE_CURVE('',#1022,#1106,#924,.T.);
#1399=EDGE_CURVE('',#1103,#1049,#925,.T.);
#1400=EDGE_CURVE('',#1046,#1096,#926,.T.);
#1401=EDGE_CURVE('',#1076,#1031,#927,.T.);
#1402=EDGE_CURVE('',#1028,#1118,#928,.T.);
#1403=EDGE_CURVE('',#1115,#1043,#929,.T.);
#1404=EDGE_CURVE('',#1040,#1025,#930,.T.);
#1405=EDGE_CURVE('',#1093,#1120,#638,.T.);
#1406=EDGE_CURVE('',#1120,#1120,#931,.T.);
#1407=EDGE_CURVE('',#1121,#1121,#932,.F.);
#1408=EDGE_CURVE('',#1121,#1122,#639,.T.);
#1409=EDGE_CURVE('',#1122,#1122,#933,.T.);
#1410=EDGE_CURVE('',#1123,#1123,#934,.T.);
#1411=EDGE_CURVE('',#1123,#1124,#640,.T.);
#1412=EDGE_CURVE('',#1125,#1124,#935,.T.);
#1413=EDGE_CURVE('',#1126,#1125,#936,.T.);
#1414=EDGE_CURVE('',#1124,#1126,#937,.T.);
#1415=EDGE_CURVE('',#1125,#1127,#641,.T.);
#1416=EDGE_CURVE('',#1127,#1128,#938,.T.);
#1417=EDGE_CURVE('',#1128,#1126,#642,.T.);
#1418=EDGE_CURVE('',#1126,#1129,#643,.T.);
#1419=EDGE_CURVE('',#1129,#1130,#939,.T.);
#1420=EDGE_CURVE('',#1130,#1125,#644,.T.);
#1421=EDGE_CURVE('',#1131,#1132,#645,.T.);
#1422=EDGE_CURVE('',#1131,#1129,#646,.T.);
#1423=EDGE_CURVE('',#1132,#1128,#647,.T.);
#1424=EDGE_CURVE('',#1133,#1132,#940,.T.);
#1425=EDGE_CURVE('',#1133,#1127,#648,.T.);
#1426=EDGE_CURVE('',#1133,#1134,#649,.T.);
#1427=EDGE_CURVE('',#1134,#1130,#650,.T.);
#1428=EDGE_CURVE('',#1131,#1134,#941,.T.);
#1429=EDGE_CURVE('',#1135,#1136,#19,.T.);
#1430=EDGE_CURVE('',#1136,#1136,#20,.T.);
#1431=EDGE_CURVE('',#1135,#1135,#21,.T.);
#1432=EDGE_CURVE('',#1135,#1137,#651,.T.);
#1433=EDGE_CURVE('',#1137,#1137,#942,.T.);
#1434=EDGE_CURVE('',#1138,#1138,#943,.T.);
#1435=EDGE_CURVE('',#1139,#1139,#944,.T.);
#1436=EDGE_CURVE('',#1139,#1138,#652,.T.);
#1437=EDGE_CURVE('',#1140,#1141,#22,.T.);
#1438=EDGE_CURVE('',#1141,#1141,#23,.T.);
#1439=EDGE_CURVE('',#1140,#1140,#24,.T.);
#1440=EDGE_CURVE('',#1140,#1142,#653,.T.);
#1441=EDGE_CURVE('',#1142,#1142,#945,.T.);
#1442=EDGE_CURVE('',#1143,#1143,#946,.T.);
#1443=EDGE_CURVE('',#1144,#1144,#947,.T.);
#1444=EDGE_CURVE('',#1144,#1143,#654,.T.);
#1445=EDGE_CURVE('',#1145,#1146,#25,.T.);
#1446=EDGE_CURVE('',#1146,#1146,#26,.T.);
#1447=EDGE_CURVE('',#1145,#1145,#27,.T.);
#1448=EDGE_CURVE('',#1145,#1147,#655,.T.);
#1449=EDGE_CURVE('',#1147,#1147,#948,.T.);
#1450=EDGE_CURVE('',#1148,#1148,#949,.T.);
#1451=EDGE_CURVE('',#1149,#1149,#950,.T.);
#1452=EDGE_CURVE('',#1149,#1148,#656,.T.);
#1453=ORIENTED_EDGE('',*,*,#1150,.F.);
#1454=ORIENTED_EDGE('',*,*,#1151,.T.);
#1455=ORIENTED_EDGE('',*,*,#1152,.T.);
#1456=ORIENTED_EDGE('',*,*,#1151,.F.);
#1457=ORIENTED_EDGE('',*,*,#1150,.T.);
#1458=ORIENTED_EDGE('',*,*,#1152,.F.);
#1459=ORIENTED_EDGE('',*,*,#1153,.F.);
#1460=ORIENTED_EDGE('',*,*,#1154,.T.);
#1461=ORIENTED_EDGE('',*,*,#1155,.T.);
#1462=ORIENTED_EDGE('',*,*,#1154,.F.);
#1463=ORIENTED_EDGE('',*,*,#1156,.F.);
#1464=ORIENTED_EDGE('',*,*,#1157,.T.);
#1465=ORIENTED_EDGE('',*,*,#1158,.T.);
#1466=ORIENTED_EDGE('',*,*,#1157,.F.);
#1467=ORIENTED_EDGE('',*,*,#1159,.F.);
#1468=ORIENTED_EDGE('',*,*,#1160,.T.);
#1469=ORIENTED_EDGE('',*,*,#1161,.T.);
#1470=ORIENTED_EDGE('',*,*,#1160,.F.);
#1471=ORIENTED_EDGE('',*,*,#1162,.T.);
#1472=ORIENTED_EDGE('',*,*,#1163,.T.);
#1473=ORIENTED_EDGE('',*,*,#1164,.F.);
#1474=ORIENTED_EDGE('',*,*,#1165,.F.);
#1475=ORIENTED_EDGE('',*,*,#1166,.T.);
#1476=ORIENTED_EDGE('',*,*,#1165,.T.);
#1477=ORIENTED_EDGE('',*,*,#1167,.F.);
#1478=ORIENTED_EDGE('',*,*,#1168,.F.);
#1479=ORIENTED_EDGE('',*,*,#1169,.T.);
#1480=ORIENTED_EDGE('',*,*,#1168,.T.);
#1481=ORIENTED_EDGE('',*,*,#1170,.F.);
#1482=ORIENTED_EDGE('',*,*,#1171,.F.);
#1483=ORIENTED_EDGE('',*,*,#1172,.T.);
#1484=ORIENTED_EDGE('',*,*,#1171,.T.);
#1485=ORIENTED_EDGE('',*,*,#1173,.F.);
#1486=ORIENTED_EDGE('',*,*,#1163,.F.);
#1487=ORIENTED_EDGE('',*,*,#1173,.T.);
#1488=ORIENTED_EDGE('',*,*,#1170,.T.);
#1489=ORIENTED_EDGE('',*,*,#1167,.T.);
#1490=ORIENTED_EDGE('',*,*,#1164,.T.);
#1491=ORIENTED_EDGE('',*,*,#1159,.T.);
#1492=ORIENTED_EDGE('',*,*,#1156,.T.);
#1493=ORIENTED_EDGE('',*,*,#1153,.T.);
#1494=ORIENTED_EDGE('',*,*,#1172,.F.);
#1495=ORIENTED_EDGE('',*,*,#1162,.F.);
#1496=ORIENTED_EDGE('',*,*,#1166,.F.);
#1497=ORIENTED_EDGE('',*,*,#1169,.F.);
#1498=ORIENTED_EDGE('',*,*,#1161,.F.);
#1499=ORIENTED_EDGE('',*,*,#1158,.F.);
#1500=ORIENTED_EDGE('',*,*,#1155,.F.);
#1501=ORIENTED_EDGE('',*,*,#1174,.F.);
#1502=ORIENTED_EDGE('',*,*,#1175,.T.);
#1503=ORIENTED_EDGE('',*,*,#1176,.T.);
#1504=ORIENTED_EDGE('',*,*,#1175,.F.);
#1505=ORIENTED_EDGE('',*,*,#1177,.F.);
#1506=ORIENTED_EDGE('',*,*,#1178,.T.);
#1507=ORIENTED_EDGE('',*,*,#1179,.F.);
#1508=ORIENTED_EDGE('',*,*,#1180,.F.);
#1509=ORIENTED_EDGE('',*,*,#1181,.F.);
#1510=ORIENTED_EDGE('',*,*,#1180,.T.);
#1511=ORIENTED_EDGE('',*,*,#1182,.F.);
#1512=ORIENTED_EDGE('',*,*,#1183,.F.);
#1513=ORIENTED_EDGE('',*,*,#1184,.F.);
#1514=ORIENTED_EDGE('',*,*,#1183,.T.);
#1515=ORIENTED_EDGE('',*,*,#1185,.F.);
#1516=ORIENTED_EDGE('',*,*,#1186,.F.);
#1517=ORIENTED_EDGE('',*,*,#1187,.F.);
#1518=ORIENTED_EDGE('',*,*,#1186,.T.);
#1519=ORIENTED_EDGE('',*,*,#1188,.F.);
#1520=ORIENTED_EDGE('',*,*,#1189,.F.);
#1521=ORIENTED_EDGE('',*,*,#1190,.F.);
#1522=ORIENTED_EDGE('',*,*,#1189,.T.);
#1523=ORIENTED_EDGE('',*,*,#1191,.F.);
#1524=ORIENTED_EDGE('',*,*,#1192,.F.);
#1525=ORIENTED_EDGE('',*,*,#1193,.T.);
#1526=ORIENTED_EDGE('',*,*,#1192,.T.);
#1527=ORIENTED_EDGE('',*,*,#1194,.F.);
#1528=ORIENTED_EDGE('',*,*,#1195,.F.);
#1529=ORIENTED_EDGE('',*,*,#1196,.F.);
#1530=ORIENTED_EDGE('',*,*,#1195,.T.);
#1531=ORIENTED_EDGE('',*,*,#1197,.F.);
#1532=ORIENTED_EDGE('',*,*,#1198,.F.);
#1533=ORIENTED_EDGE('',*,*,#1199,.T.);
#1534=ORIENTED_EDGE('',*,*,#1198,.T.);
#1535=ORIENTED_EDGE('',*,*,#1200,.F.);
#1536=ORIENTED_EDGE('',*,*,#1178,.F.);
#1537=ORIENTED_EDGE('',*,*,#1200,.T.);
#1538=ORIENTED_EDGE('',*,*,#1197,.T.);
#1539=ORIENTED_EDGE('',*,*,#1194,.T.);
#1540=ORIENTED_EDGE('',*,*,#1191,.T.);
#1541=ORIENTED_EDGE('',*,*,#1188,.T.);
#1542=ORIENTED_EDGE('',*,*,#1185,.T.);
#1543=ORIENTED_EDGE('',*,*,#1182,.T.);
#1544=ORIENTED_EDGE('',*,*,#1179,.T.);
#1545=ORIENTED_EDGE('',*,*,#1174,.T.);
#1546=ORIENTED_EDGE('',*,*,#1199,.F.);
#1547=ORIENTED_EDGE('',*,*,#1177,.T.);
#1548=ORIENTED_EDGE('',*,*,#1181,.T.);
#1549=ORIENTED_EDGE('',*,*,#1184,.T.);
#1550=ORIENTED_EDGE('',*,*,#1187,.T.);
#1551=ORIENTED_EDGE('',*,*,#1190,.T.);
#1552=ORIENTED_EDGE('',*,*,#1193,.F.);
#1553=ORIENTED_EDGE('',*,*,#1196,.T.);
#1554=ORIENTED_EDGE('',*,*,#1176,.F.);
#1555=ORIENTED_EDGE('',*,*,#1201,.F.);
#1556=ORIENTED_EDGE('',*,*,#1202,.T.);
#1557=ORIENTED_EDGE('',*,*,#1203,.T.);
#1558=ORIENTED_EDGE('',*,*,#1202,.F.);
#1559=ORIENTED_EDGE('',*,*,#1204,.F.);
#1560=ORIENTED_EDGE('',*,*,#1205,.T.);
#1561=ORIENTED_EDGE('',*,*,#1206,.F.);
#1562=ORIENTED_EDGE('',*,*,#1207,.F.);
#1563=ORIENTED_EDGE('',*,*,#1208,.F.);
#1564=ORIENTED_EDGE('',*,*,#1207,.T.);
#1565=ORIENTED_EDGE('',*,*,#1209,.F.);
#1566=ORIENTED_EDGE('',*,*,#1210,.F.);
#1567=ORIENTED_EDGE('',*,*,#1211,.F.);
#1568=ORIENTED_EDGE('',*,*,#1210,.T.);
#1569=ORIENTED_EDGE('',*,*,#1212,.F.);
#1570=ORIENTED_EDGE('',*,*,#1213,.F.);
#1571=ORIENTED_EDGE('',*,*,#1214,.F.);
#1572=ORIENTED_EDGE('',*,*,#1213,.T.);
#1573=ORIENTED_EDGE('',*,*,#1215,.F.);
#1574=ORIENTED_EDGE('',*,*,#1216,.F.);
#1575=ORIENTED_EDGE('',*,*,#1217,.F.);
#1576=ORIENTED_EDGE('',*,*,#1216,.T.);
#1577=ORIENTED_EDGE('',*,*,#1218,.F.);
#1578=ORIENTED_EDGE('',*,*,#1219,.F.);
#1579=ORIENTED_EDGE('',*,*,#1220,.F.);
#1580=ORIENTED_EDGE('',*,*,#1219,.T.);
#1581=ORIENTED_EDGE('',*,*,#1221,.F.);
#1582=ORIENTED_EDGE('',*,*,#1222,.F.);
#1583=ORIENTED_EDGE('',*,*,#1223,.F.);
#1584=ORIENTED_EDGE('',*,*,#1222,.T.);
#1585=ORIENTED_EDGE('',*,*,#1224,.F.);
#1586=ORIENTED_EDGE('',*,*,#1225,.F.);
#1587=ORIENTED_EDGE('',*,*,#1226,.T.);
#1588=ORIENTED_EDGE('',*,*,#1225,.T.);
#1589=ORIENTED_EDGE('',*,*,#1227,.F.);
#1590=ORIENTED_EDGE('',*,*,#1205,.F.);
#1591=ORIENTED_EDGE('',*,*,#1227,.T.);
#1592=ORIENTED_EDGE('',*,*,#1224,.T.);
#1593=ORIENTED_EDGE('',*,*,#1221,.T.);
#1594=ORIENTED_EDGE('',*,*,#1218,.T.);
#1595=ORIENTED_EDGE('',*,*,#1215,.T.);
#1596=ORIENTED_EDGE('',*,*,#1212,.T.);
#1597=ORIENTED_EDGE('',*,*,#1209,.T.);
#1598=ORIENTED_EDGE('',*,*,#1206,.T.);
#1599=ORIENTED_EDGE('',*,*,#1201,.T.);
#1600=ORIENTED_EDGE('',*,*,#1226,.F.);
#1601=ORIENTED_EDGE('',*,*,#1204,.T.);
#1602=ORIENTED_EDGE('',*,*,#1208,.T.);
#1603=ORIENTED_EDGE('',*,*,#1211,.T.);
#1604=ORIENTED_EDGE('',*,*,#1214,.T.);
#1605=ORIENTED_EDGE('',*,*,#1217,.T.);
#1606=ORIENTED_EDGE('',*,*,#1220,.T.);
#1607=ORIENTED_EDGE('',*,*,#1223,.T.);
#1608=ORIENTED_EDGE('',*,*,#1203,.F.);
#1609=ORIENTED_EDGE('',*,*,#1228,.F.);
#1610=ORIENTED_EDGE('',*,*,#1229,.T.);
#1611=ORIENTED_EDGE('',*,*,#1230,.T.);
#1612=ORIENTED_EDGE('',*,*,#1229,.F.);
#1613=ORIENTED_EDGE('',*,*,#1231,.F.);
#1614=ORIENTED_EDGE('',*,*,#1232,.T.);
#1615=ORIENTED_EDGE('',*,*,#1233,.F.);
#1616=ORIENTED_EDGE('',*,*,#1234,.F.);
#1617=ORIENTED_EDGE('',*,*,#1235,.F.);
#1618=ORIENTED_EDGE('',*,*,#1234,.T.);
#1619=ORIENTED_EDGE('',*,*,#1236,.F.);
#1620=ORIENTED_EDGE('',*,*,#1237,.F.);
#1621=ORIENTED_EDGE('',*,*,#1238,.F.);
#1622=ORIENTED_EDGE('',*,*,#1237,.T.);
#1623=ORIENTED_EDGE('',*,*,#1239,.F.);
#1624=ORIENTED_EDGE('',*,*,#1240,.F.);
#1625=ORIENTED_EDGE('',*,*,#1241,.F.);
#1626=ORIENTED_EDGE('',*,*,#1240,.T.);
#1627=ORIENTED_EDGE('',*,*,#1242,.F.);
#1628=ORIENTED_EDGE('',*,*,#1243,.F.);
#1629=ORIENTED_EDGE('',*,*,#1244,.F.);
#1630=ORIENTED_EDGE('',*,*,#1243,.T.);
#1631=ORIENTED_EDGE('',*,*,#1245,.F.);
#1632=ORIENTED_EDGE('',*,*,#1246,.F.);
#1633=ORIENTED_EDGE('',*,*,#1247,.F.);
#1634=ORIENTED_EDGE('',*,*,#1246,.T.);
#1635=ORIENTED_EDGE('',*,*,#1248,.F.);
#1636=ORIENTED_EDGE('',*,*,#1249,.F.);
#1637=ORIENTED_EDGE('',*,*,#1250,.T.);
#1638=ORIENTED_EDGE('',*,*,#1249,.T.);
#1639=ORIENTED_EDGE('',*,*,#1251,.F.);
#1640=ORIENTED_EDGE('',*,*,#1252,.F.);
#1641=ORIENTED_EDGE('',*,*,#1253,.F.);
#1642=ORIENTED_EDGE('',*,*,#1252,.T.);
#1643=ORIENTED_EDGE('',*,*,#1254,.F.);
#1644=ORIENTED_EDGE('',*,*,#1232,.F.);
#1645=ORIENTED_EDGE('',*,*,#1254,.T.);
#1646=ORIENTED_EDGE('',*,*,#1251,.T.);
#1647=ORIENTED_EDGE('',*,*,#1248,.T.);
#1648=ORIENTED_EDGE('',*,*,#1245,.T.);
#1649=ORIENTED_EDGE('',*,*,#1242,.T.);
#1650=ORIENTED_EDGE('',*,*,#1239,.T.);
#1651=ORIENTED_EDGE('',*,*,#1236,.T.);
#1652=ORIENTED_EDGE('',*,*,#1233,.T.);
#1653=ORIENTED_EDGE('',*,*,#1228,.T.);
#1654=ORIENTED_EDGE('',*,*,#1253,.T.);
#1655=ORIENTED_EDGE('',*,*,#1231,.T.);
#1656=ORIENTED_EDGE('',*,*,#1235,.T.);
#1657=ORIENTED_EDGE('',*,*,#1238,.T.);
#1658=ORIENTED_EDGE('',*,*,#1241,.T.);
#1659=ORIENTED_EDGE('',*,*,#1244,.T.);
#1660=ORIENTED_EDGE('',*,*,#1247,.T.);
#1661=ORIENTED_EDGE('',*,*,#1250,.F.);
#1662=ORIENTED_EDGE('',*,*,#1230,.F.);
#1663=ORIENTED_EDGE('',*,*,#1255,.F.);
#1664=ORIENTED_EDGE('',*,*,#1256,.T.);
#1665=ORIENTED_EDGE('',*,*,#1257,.T.);
#1666=ORIENTED_EDGE('',*,*,#1258,.F.);
#1667=ORIENTED_EDGE('',*,*,#1259,.F.);
#1668=ORIENTED_EDGE('',*,*,#1260,.F.);
#1669=ORIENTED_EDGE('',*,*,#1261,.T.);
#1670=ORIENTED_EDGE('',*,*,#1256,.F.);
#1671=ORIENTED_EDGE('',*,*,#1261,.F.);
#1672=ORIENTED_EDGE('',*,*,#1262,.F.);
#1673=ORIENTED_EDGE('',*,*,#1257,.F.);
#1674=ORIENTED_EDGE('',*,*,#1263,.F.);
#1675=ORIENTED_EDGE('',*,*,#1264,.T.);
#1676=ORIENTED_EDGE('',*,*,#1265,.T.);
#1677=ORIENTED_EDGE('',*,*,#1266,.F.);
#1678=ORIENTED_EDGE('',*,*,#1267,.F.);
#1679=ORIENTED_EDGE('',*,*,#1268,.F.);
#1680=ORIENTED_EDGE('',*,*,#1269,.T.);
#1681=ORIENTED_EDGE('',*,*,#1264,.F.);
#1682=ORIENTED_EDGE('',*,*,#1269,.F.);
#1683=ORIENTED_EDGE('',*,*,#1270,.F.);
#1684=ORIENTED_EDGE('',*,*,#1265,.F.);
#1685=ORIENTED_EDGE('',*,*,#1271,.F.);
#1686=ORIENTED_EDGE('',*,*,#1272,.T.);
#1687=ORIENTED_EDGE('',*,*,#1273,.T.);
#1688=ORIENTED_EDGE('',*,*,#1274,.F.);
#1689=ORIENTED_EDGE('',*,*,#1275,.F.);
#1690=ORIENTED_EDGE('',*,*,#1276,.F.);
#1691=ORIENTED_EDGE('',*,*,#1277,.T.);
#1692=ORIENTED_EDGE('',*,*,#1272,.F.);
#1693=ORIENTED_EDGE('',*,*,#1277,.F.);
#1694=ORIENTED_EDGE('',*,*,#1278,.F.);
#1695=ORIENTED_EDGE('',*,*,#1273,.F.);
#1696=ORIENTED_EDGE('',*,*,#1279,.F.);
#1697=ORIENTED_EDGE('',*,*,#1280,.T.);
#1698=ORIENTED_EDGE('',*,*,#1281,.T.);
#1699=ORIENTED_EDGE('',*,*,#1282,.F.);
#1700=ORIENTED_EDGE('',*,*,#1283,.F.);
#1701=ORIENTED_EDGE('',*,*,#1284,.F.);
#1702=ORIENTED_EDGE('',*,*,#1285,.T.);
#1703=ORIENTED_EDGE('',*,*,#1280,.F.);
#1704=ORIENTED_EDGE('',*,*,#1285,.F.);
#1705=ORIENTED_EDGE('',*,*,#1286,.F.);
#1706=ORIENTED_EDGE('',*,*,#1281,.F.);
#1707=ORIENTED_EDGE('',*,*,#1287,.F.);
#1708=ORIENTED_EDGE('',*,*,#1288,.T.);
#1709=ORIENTED_EDGE('',*,*,#1289,.T.);
#1710=ORIENTED_EDGE('',*,*,#1290,.F.);
#1711=ORIENTED_EDGE('',*,*,#1291,.F.);
#1712=ORIENTED_EDGE('',*,*,#1292,.F.);
#1713=ORIENTED_EDGE('',*,*,#1293,.T.);
#1714=ORIENTED_EDGE('',*,*,#1288,.F.);
#1715=ORIENTED_EDGE('',*,*,#1293,.F.);
#1716=ORIENTED_EDGE('',*,*,#1294,.F.);
#1717=ORIENTED_EDGE('',*,*,#1289,.F.);
#1718=ORIENTED_EDGE('',*,*,#1295,.F.);
#1719=ORIENTED_EDGE('',*,*,#1296,.T.);
#1720=ORIENTED_EDGE('',*,*,#1297,.T.);
#1721=ORIENTED_EDGE('',*,*,#1298,.F.);
#1722=ORIENTED_EDGE('',*,*,#1299,.F.);
#1723=ORIENTED_EDGE('',*,*,#1300,.F.);
#1724=ORIENTED_EDGE('',*,*,#1301,.T.);
#1725=ORIENTED_EDGE('',*,*,#1296,.F.);
#1726=ORIENTED_EDGE('',*,*,#1301,.F.);
#1727=ORIENTED_EDGE('',*,*,#1302,.F.);
#1728=ORIENTED_EDGE('',*,*,#1297,.F.);
#1729=ORIENTED_EDGE('',*,*,#1303,.F.);
#1730=ORIENTED_EDGE('',*,*,#1304,.T.);
#1731=ORIENTED_EDGE('',*,*,#1305,.T.);
#1732=ORIENTED_EDGE('',*,*,#1306,.F.);
#1733=ORIENTED_EDGE('',*,*,#1307,.F.);
#1734=ORIENTED_EDGE('',*,*,#1308,.F.);
#1735=ORIENTED_EDGE('',*,*,#1309,.T.);
#1736=ORIENTED_EDGE('',*,*,#1304,.F.);
#1737=ORIENTED_EDGE('',*,*,#1309,.F.);
#1738=ORIENTED_EDGE('',*,*,#1310,.F.);
#1739=ORIENTED_EDGE('',*,*,#1305,.F.);
#1740=ORIENTED_EDGE('',*,*,#1311,.F.);
#1741=ORIENTED_EDGE('',*,*,#1312,.T.);
#1742=ORIENTED_EDGE('',*,*,#1313,.T.);
#1743=ORIENTED_EDGE('',*,*,#1314,.F.);
#1744=ORIENTED_EDGE('',*,*,#1315,.F.);
#1745=ORIENTED_EDGE('',*,*,#1316,.F.);
#1746=ORIENTED_EDGE('',*,*,#1317,.T.);
#1747=ORIENTED_EDGE('',*,*,#1312,.F.);
#1748=ORIENTED_EDGE('',*,*,#1317,.F.);
#1749=ORIENTED_EDGE('',*,*,#1318,.F.);
#1750=ORIENTED_EDGE('',*,*,#1313,.F.);
#1751=ORIENTED_EDGE('',*,*,#1319,.F.);
#1752=ORIENTED_EDGE('',*,*,#1320,.T.);
#1753=ORIENTED_EDGE('',*,*,#1321,.T.);
#1754=ORIENTED_EDGE('',*,*,#1322,.F.);
#1755=ORIENTED_EDGE('',*,*,#1323,.F.);
#1756=ORIENTED_EDGE('',*,*,#1324,.F.);
#1757=ORIENTED_EDGE('',*,*,#1325,.T.);
#1758=ORIENTED_EDGE('',*,*,#1320,.F.);
#1759=ORIENTED_EDGE('',*,*,#1325,.F.);
#1760=ORIENTED_EDGE('',*,*,#1326,.F.);
#1761=ORIENTED_EDGE('',*,*,#1321,.F.);
#1762=ORIENTED_EDGE('',*,*,#1327,.F.);
#1763=ORIENTED_EDGE('',*,*,#1328,.T.);
#1764=ORIENTED_EDGE('',*,*,#1329,.T.);
#1765=ORIENTED_EDGE('',*,*,#1330,.F.);
#1766=ORIENTED_EDGE('',*,*,#1331,.F.);
#1767=ORIENTED_EDGE('',*,*,#1332,.T.);
#1768=ORIENTED_EDGE('',*,*,#1333,.T.);
#1769=ORIENTED_EDGE('',*,*,#1328,.F.);
#1770=ORIENTED_EDGE('',*,*,#1334,.F.);
#1771=ORIENTED_EDGE('',*,*,#1335,.F.);
#1772=ORIENTED_EDGE('',*,*,#1336,.T.);
#1773=ORIENTED_EDGE('',*,*,#1332,.F.);
#1774=ORIENTED_EDGE('',*,*,#1337,.F.);
#1775=ORIENTED_EDGE('',*,*,#1338,.T.);
#1776=ORIENTED_EDGE('',*,*,#1339,.T.);
#1777=ORIENTED_EDGE('',*,*,#1340,.F.);
#1778=ORIENTED_EDGE('',*,*,#1341,.F.);
#1779=ORIENTED_EDGE('',*,*,#1342,.T.);
#1780=ORIENTED_EDGE('',*,*,#1343,.T.);
#1781=ORIENTED_EDGE('',*,*,#1338,.F.);
#1782=ORIENTED_EDGE('',*,*,#1344,.F.);
#1783=ORIENTED_EDGE('',*,*,#1345,.T.);
#1784=ORIENTED_EDGE('',*,*,#1346,.T.);
#1785=ORIENTED_EDGE('',*,*,#1342,.F.);
#1786=ORIENTED_EDGE('',*,*,#1347,.F.);
#1787=ORIENTED_EDGE('',*,*,#1348,.F.);
#1788=ORIENTED_EDGE('',*,*,#1349,.T.);
#1789=ORIENTED_EDGE('',*,*,#1345,.F.);
#1790=ORIENTED_EDGE('',*,*,#1349,.F.);
#1791=ORIENTED_EDGE('',*,*,#1350,.F.);
#1792=ORIENTED_EDGE('',*,*,#1329,.F.);
#1793=ORIENTED_EDGE('',*,*,#1333,.F.);
#1794=ORIENTED_EDGE('',*,*,#1336,.F.);
#1795=ORIENTED_EDGE('',*,*,#1351,.F.);
#1796=ORIENTED_EDGE('',*,*,#1352,.F.);
#1797=ORIENTED_EDGE('',*,*,#1339,.F.);
#1798=ORIENTED_EDGE('',*,*,#1343,.F.);
#1799=ORIENTED_EDGE('',*,*,#1346,.F.);
#1800=ORIENTED_EDGE('',*,*,#1353,.F.);
#1801=ORIENTED_EDGE('',*,*,#1354,.T.);
#1802=ORIENTED_EDGE('',*,*,#1355,.T.);
#1803=ORIENTED_EDGE('',*,*,#1335,.T.);
#1804=ORIENTED_EDGE('',*,*,#1356,.F.);
#1805=ORIENTED_EDGE('',*,*,#1357,.F.);
#1806=ORIENTED_EDGE('',*,*,#1358,.T.);
#1807=ORIENTED_EDGE('',*,*,#1354,.F.);
#1808=ORIENTED_EDGE('',*,*,#1359,.F.);
#1809=ORIENTED_EDGE('',*,*,#1355,.F.);
#1810=ORIENTED_EDGE('',*,*,#1358,.F.);
#1811=ORIENTED_EDGE('',*,*,#1360,.F.);
#1812=ORIENTED_EDGE('',*,*,#1361,.T.);
#1813=ORIENTED_EDGE('',*,*,#1362,.T.);
#1814=ORIENTED_EDGE('',*,*,#1363,.F.);
#1815=ORIENTED_EDGE('',*,*,#1364,.F.);
#1816=ORIENTED_EDGE('',*,*,#1340,.T.);
#1817=ORIENTED_EDGE('',*,*,#1365,.T.);
#1818=ORIENTED_EDGE('',*,*,#1361,.F.);
#1819=ORIENTED_EDGE('',*,*,#1365,.F.);
#1820=ORIENTED_EDGE('',*,*,#1366,.F.);
#1821=ORIENTED_EDGE('',*,*,#1362,.F.);
#1822=ORIENTED_EDGE('',*,*,#1367,.F.);
#1823=ORIENTED_EDGE('',*,*,#1368,.T.);
#1824=ORIENTED_EDGE('',*,*,#1369,.T.);
#1825=ORIENTED_EDGE('',*,*,#1370,.F.);
#1826=ORIENTED_EDGE('',*,*,#1371,.F.);
#1827=ORIENTED_EDGE('',*,*,#1372,.F.);
#1828=ORIENTED_EDGE('',*,*,#1373,.T.);
#1829=ORIENTED_EDGE('',*,*,#1368,.F.);
#1830=ORIENTED_EDGE('',*,*,#1373,.F.);
#1831=ORIENTED_EDGE('',*,*,#1374,.F.);
#1832=ORIENTED_EDGE('',*,*,#1369,.F.);
#1833=ORIENTED_EDGE('',*,*,#1375,.F.);
#1834=ORIENTED_EDGE('',*,*,#1376,.T.);
#1835=ORIENTED_EDGE('',*,*,#1377,.T.);
#1836=ORIENTED_EDGE('',*,*,#1378,.F.);
#1837=ORIENTED_EDGE('',*,*,#1379,.F.);
#1838=ORIENTED_EDGE('',*,*,#1380,.F.);
#1839=ORIENTED_EDGE('',*,*,#1381,.T.);
#1840=ORIENTED_EDGE('',*,*,#1376,.F.);
#1841=ORIENTED_EDGE('',*,*,#1382,.F.);
#1842=ORIENTED_EDGE('',*,*,#1377,.F.);
#1843=ORIENTED_EDGE('',*,*,#1381,.F.);
#1844=ORIENTED_EDGE('',*,*,#1383,.F.);
#1845=ORIENTED_EDGE('',*,*,#1384,.T.);
#1846=ORIENTED_EDGE('',*,*,#1385,.T.);
#1847=ORIENTED_EDGE('',*,*,#1386,.F.);
#1848=ORIENTED_EDGE('',*,*,#1387,.F.);
#1849=ORIENTED_EDGE('',*,*,#1388,.F.);
#1850=ORIENTED_EDGE('',*,*,#1389,.T.);
#1851=ORIENTED_EDGE('',*,*,#1384,.F.);
#1852=ORIENTED_EDGE('',*,*,#1390,.F.);
#1853=ORIENTED_EDGE('',*,*,#1385,.F.);
#1854=ORIENTED_EDGE('',*,*,#1389,.F.);
#1855=ORIENTED_EDGE('',*,*,#1275,.T.);
#1856=ORIENTED_EDGE('',*,*,#1271,.T.);
#1857=ORIENTED_EDGE('',*,*,#1391,.T.);
#1858=ORIENTED_EDGE('',*,*,#1307,.T.);
#1859=ORIENTED_EDGE('',*,*,#1303,.T.);
#1860=ORIENTED_EDGE('',*,*,#1392,.T.);
#1861=ORIENTED_EDGE('',*,*,#1323,.T.);
#1862=ORIENTED_EDGE('',*,*,#1319,.T.);
#1863=ORIENTED_EDGE('',*,*,#1393,.T.);
#1864=ORIENTED_EDGE('',*,*,#1347,.T.);
#1865=ORIENTED_EDGE('',*,*,#1344,.T.);
#1866=ORIENTED_EDGE('',*,*,#1341,.T.);
#1867=ORIENTED_EDGE('',*,*,#1337,.T.);
#1868=ORIENTED_EDGE('',*,*,#1364,.T.);
#1869=ORIENTED_EDGE('',*,*,#1360,.T.);
#1870=ORIENTED_EDGE('',*,*,#1394,.T.);
#1871=ORIENTED_EDGE('',*,*,#1379,.T.);
#1872=ORIENTED_EDGE('',*,*,#1375,.T.);
#1873=ORIENTED_EDGE('',*,*,#1395,.T.);
#1874=ORIENTED_EDGE('',*,*,#1315,.T.);
#1875=ORIENTED_EDGE('',*,*,#1311,.T.);
#1876=ORIENTED_EDGE('',*,*,#1396,.T.);
#1877=ORIENTED_EDGE('',*,*,#1299,.T.);
#1878=ORIENTED_EDGE('',*,*,#1295,.T.);
#1879=ORIENTED_EDGE('',*,*,#1397,.T.);
#1880=ORIENTED_EDGE('',*,*,#1259,.T.);
#1881=ORIENTED_EDGE('',*,*,#1255,.T.);
#1882=ORIENTED_EDGE('',*,*,#1398,.T.);
#1883=ORIENTED_EDGE('',*,*,#1371,.T.);
#1884=ORIENTED_EDGE('',*,*,#1367,.T.);
#1885=ORIENTED_EDGE('',*,*,#1399,.T.);
#1886=ORIENTED_EDGE('',*,*,#1291,.T.);
#1887=ORIENTED_EDGE('',*,*,#1287,.T.);
#1888=ORIENTED_EDGE('',*,*,#1400,.T.);
#1889=ORIENTED_EDGE('',*,*,#1356,.T.);
#1890=ORIENTED_EDGE('',*,*,#1353,.T.);
#1891=ORIENTED_EDGE('',*,*,#1334,.T.);
#1892=ORIENTED_EDGE('',*,*,#1331,.T.);
#1893=ORIENTED_EDGE('',*,*,#1327,.T.);
#1894=ORIENTED_EDGE('',*,*,#1401,.T.);
#1895=ORIENTED_EDGE('',*,*,#1267,.T.);
#1896=ORIENTED_EDGE('',*,*,#1263,.T.);
#1897=ORIENTED_EDGE('',*,*,#1402,.T.);
#1898=ORIENTED_EDGE('',*,*,#1387,.T.);
#1899=ORIENTED_EDGE('',*,*,#1383,.T.);
#1900=ORIENTED_EDGE('',*,*,#1403,.T.);
#1901=ORIENTED_EDGE('',*,*,#1283,.T.);
#1902=ORIENTED_EDGE('',*,*,#1279,.T.);
#1903=ORIENTED_EDGE('',*,*,#1404,.T.);
#1904=ORIENTED_EDGE('',*,*,#1260,.T.);
#1905=ORIENTED_EDGE('',*,*,#1404,.F.);
#1906=ORIENTED_EDGE('',*,*,#1282,.T.);
#1907=ORIENTED_EDGE('',*,*,#1286,.T.);
#1908=ORIENTED_EDGE('',*,*,#1284,.T.);
#1909=ORIENTED_EDGE('',*,*,#1403,.F.);
#1910=ORIENTED_EDGE('',*,*,#1386,.T.);
#1911=ORIENTED_EDGE('',*,*,#1390,.T.);
#1912=ORIENTED_EDGE('',*,*,#1388,.T.);
#1913=ORIENTED_EDGE('',*,*,#1402,.F.);
#1914=ORIENTED_EDGE('',*,*,#1266,.T.);
#1915=ORIENTED_EDGE('',*,*,#1270,.T.);
#1916=ORIENTED_EDGE('',*,*,#1268,.T.);
#1917=ORIENTED_EDGE('',*,*,#1401,.F.);
#1918=ORIENTED_EDGE('',*,*,#1330,.T.);
#1919=ORIENTED_EDGE('',*,*,#1350,.T.);
#1920=ORIENTED_EDGE('',*,*,#1348,.T.);
#1921=ORIENTED_EDGE('',*,*,#1393,.F.);
#1922=ORIENTED_EDGE('',*,*,#1322,.T.);
#1923=ORIENTED_EDGE('',*,*,#1326,.T.);
#1924=ORIENTED_EDGE('',*,*,#1324,.T.);
#1925=ORIENTED_EDGE('',*,*,#1392,.F.);
#1926=ORIENTED_EDGE('',*,*,#1306,.T.);
#1927=ORIENTED_EDGE('',*,*,#1310,.T.);
#1928=ORIENTED_EDGE('',*,*,#1308,.T.);
#1929=ORIENTED_EDGE('',*,*,#1391,.F.);
#1930=ORIENTED_EDGE('',*,*,#1274,.T.);
#1931=ORIENTED_EDGE('',*,*,#1278,.T.);
#1932=ORIENTED_EDGE('',*,*,#1276,.T.);
#1933=ORIENTED_EDGE('',*,*,#1397,.F.);
#1934=ORIENTED_EDGE('',*,*,#1298,.T.);
#1935=ORIENTED_EDGE('',*,*,#1302,.T.);
#1936=ORIENTED_EDGE('',*,*,#1300,.T.);
#1937=ORIENTED_EDGE('',*,*,#1396,.F.);
#1938=ORIENTED_EDGE('',*,*,#1314,.T.);
#1939=ORIENTED_EDGE('',*,*,#1318,.T.);
#1940=ORIENTED_EDGE('',*,*,#1316,.T.);
#1941=ORIENTED_EDGE('',*,*,#1395,.F.);
#1942=ORIENTED_EDGE('',*,*,#1378,.T.);
#1943=ORIENTED_EDGE('',*,*,#1382,.T.);
#1944=ORIENTED_EDGE('',*,*,#1380,.T.);
#1945=ORIENTED_EDGE('',*,*,#1394,.F.);
#1946=ORIENTED_EDGE('',*,*,#1363,.T.);
#1947=ORIENTED_EDGE('',*,*,#1366,.T.);
#1948=ORIENTED_EDGE('',*,*,#1352,.T.);
#1949=ORIENTED_EDGE('',*,*,#1405,.T.);
#1950=ORIENTED_EDGE('',*,*,#1406,.F.);
#1951=ORIENTED_EDGE('',*,*,#1405,.F.);
#1952=ORIENTED_EDGE('',*,*,#1351,.T.);
#1953=ORIENTED_EDGE('',*,*,#1359,.T.);
#1954=ORIENTED_EDGE('',*,*,#1357,.T.);
#1955=ORIENTED_EDGE('',*,*,#1400,.F.);
#1956=ORIENTED_EDGE('',*,*,#1290,.T.);
#1957=ORIENTED_EDGE('',*,*,#1294,.T.);
#1958=ORIENTED_EDGE('',*,*,#1292,.T.);
#1959=ORIENTED_EDGE('',*,*,#1399,.F.);
#1960=ORIENTED_EDGE('',*,*,#1370,.T.);
#1961=ORIENTED_EDGE('',*,*,#1374,.T.);
#1962=ORIENTED_EDGE('',*,*,#1372,.T.);
#1963=ORIENTED_EDGE('',*,*,#1398,.F.);
#1964=ORIENTED_EDGE('',*,*,#1258,.T.);
#1965=ORIENTED_EDGE('',*,*,#1262,.T.);
#1966=ORIENTED_EDGE('',*,*,#1407,.F.);
#1967=ORIENTED_EDGE('',*,*,#1408,.T.);
#1968=ORIENTED_EDGE('',*,*,#1409,.F.);
#1969=ORIENTED_EDGE('',*,*,#1408,.F.);
#1970=ORIENTED_EDGE('',*,*,#1407,.T.);
#1971=ORIENTED_EDGE('',*,*,#1406,.T.);
#1972=ORIENTED_EDGE('',*,*,#1410,.F.);
#1973=ORIENTED_EDGE('',*,*,#1411,.T.);
#1974=ORIENTED_EDGE('',*,*,#1412,.F.);
#1975=ORIENTED_EDGE('',*,*,#1413,.F.);
#1976=ORIENTED_EDGE('',*,*,#1414,.F.);
#1977=ORIENTED_EDGE('',*,*,#1411,.F.);
#1978=ORIENTED_EDGE('',*,*,#1410,.T.);
#1979=ORIENTED_EDGE('',*,*,#1409,.T.);
#1980=ORIENTED_EDGE('',*,*,#1413,.T.);
#1981=ORIENTED_EDGE('',*,*,#1415,.T.);
#1982=ORIENTED_EDGE('',*,*,#1416,.T.);
#1983=ORIENTED_EDGE('',*,*,#1417,.T.);
#1984=ORIENTED_EDGE('',*,*,#1412,.T.);
#1985=ORIENTED_EDGE('',*,*,#1414,.T.);
#1986=ORIENTED_EDGE('',*,*,#1418,.T.);
#1987=ORIENTED_EDGE('',*,*,#1419,.T.);
#1988=ORIENTED_EDGE('',*,*,#1420,.T.);
#1989=ORIENTED_EDGE('',*,*,#1421,.F.);
#1990=ORIENTED_EDGE('',*,*,#1422,.T.);
#1991=ORIENTED_EDGE('',*,*,#1418,.F.);
#1992=ORIENTED_EDGE('',*,*,#1417,.F.);
#1993=ORIENTED_EDGE('',*,*,#1423,.F.);
#1994=ORIENTED_EDGE('',*,*,#1424,.T.);
#1995=ORIENTED_EDGE('',*,*,#1423,.T.);
#1996=ORIENTED_EDGE('',*,*,#1416,.F.);
#1997=ORIENTED_EDGE('',*,*,#1425,.F.);
#1998=ORIENTED_EDGE('',*,*,#1426,.F.);
#1999=ORIENTED_EDGE('',*,*,#1425,.T.);
#2000=ORIENTED_EDGE('',*,*,#1415,.F.);
#2001=ORIENTED_EDGE('',*,*,#1420,.F.);
#2002=ORIENTED_EDGE('',*,*,#1427,.F.);
#2003=ORIENTED_EDGE('',*,*,#1428,.T.);
#2004=ORIENTED_EDGE('',*,*,#1427,.T.);
#2005=ORIENTED_EDGE('',*,*,#1419,.F.);
#2006=ORIENTED_EDGE('',*,*,#1422,.F.);
#2007=ORIENTED_EDGE('',*,*,#1428,.F.);
#2008=ORIENTED_EDGE('',*,*,#1421,.T.);
#2009=ORIENTED_EDGE('',*,*,#1424,.F.);
#2010=ORIENTED_EDGE('',*,*,#1426,.T.);
#2011=ORIENTED_EDGE('',*,*,#1429,.T.);
#2012=ORIENTED_EDGE('',*,*,#1430,.T.);
#2013=ORIENTED_EDGE('',*,*,#1429,.F.);
#2014=ORIENTED_EDGE('',*,*,#1431,.T.);
#2015=ORIENTED_EDGE('',*,*,#1431,.F.);
#2016=ORIENTED_EDGE('',*,*,#1432,.T.);
#2017=ORIENTED_EDGE('',*,*,#1433,.T.);
#2018=ORIENTED_EDGE('',*,*,#1432,.F.);
#2019=ORIENTED_EDGE('',*,*,#1430,.F.);
#2020=ORIENTED_EDGE('',*,*,#1434,.T.);
#2021=ORIENTED_EDGE('',*,*,#1435,.F.);
#2022=ORIENTED_EDGE('',*,*,#1436,.T.);
#2023=ORIENTED_EDGE('',*,*,#1434,.F.);
#2024=ORIENTED_EDGE('',*,*,#1436,.F.);
#2025=ORIENTED_EDGE('',*,*,#1433,.F.);
#2026=ORIENTED_EDGE('',*,*,#1435,.T.);
#2027=ORIENTED_EDGE('',*,*,#1437,.T.);
#2028=ORIENTED_EDGE('',*,*,#1438,.T.);
#2029=ORIENTED_EDGE('',*,*,#1437,.F.);
#2030=ORIENTED_EDGE('',*,*,#1439,.T.);
#2031=ORIENTED_EDGE('',*,*,#1439,.F.);
#2032=ORIENTED_EDGE('',*,*,#1440,.T.);
#2033=ORIENTED_EDGE('',*,*,#1441,.T.);
#2034=ORIENTED_EDGE('',*,*,#1440,.F.);
#2035=ORIENTED_EDGE('',*,*,#1438,.F.);
#2036=ORIENTED_EDGE('',*,*,#1442,.T.);
#2037=ORIENTED_EDGE('',*,*,#1443,.F.);
#2038=ORIENTED_EDGE('',*,*,#1444,.T.);
#2039=ORIENTED_EDGE('',*,*,#1442,.F.);
#2040=ORIENTED_EDGE('',*,*,#1444,.F.);
#2041=ORIENTED_EDGE('',*,*,#1441,.F.);
#2042=ORIENTED_EDGE('',*,*,#1443,.T.);
#2043=ORIENTED_EDGE('',*,*,#1445,.T.);
#2044=ORIENTED_EDGE('',*,*,#1446,.T.);
#2045=ORIENTED_EDGE('',*,*,#1445,.F.);
#2046=ORIENTED_EDGE('',*,*,#1447,.T.);
#2047=ORIENTED_EDGE('',*,*,#1447,.F.);
#2048=ORIENTED_EDGE('',*,*,#1448,.T.);
#2049=ORIENTED_EDGE('',*,*,#1449,.T.);
#2050=ORIENTED_EDGE('',*,*,#1448,.F.);
#2051=ORIENTED_EDGE('',*,*,#1446,.F.);
#2052=ORIENTED_EDGE('',*,*,#1450,.T.);
#2053=ORIENTED_EDGE('',*,*,#1451,.F.);
#2054=ORIENTED_EDGE('',*,*,#1452,.T.);
#2055=ORIENTED_EDGE('',*,*,#1450,.F.);
#2056=ORIENTED_EDGE('',*,*,#1452,.F.);
#2057=ORIENTED_EDGE('',*,*,#1449,.F.);
#2058=ORIENTED_EDGE('',*,*,#1451,.T.);
#2059=CYLINDRICAL_SURFACE('',#2221,8.);
#2060=CYLINDRICAL_SURFACE('',#2226,0.5);
#2061=CYLINDRICAL_SURFACE('',#2229,0.5);
#2062=CYLINDRICAL_SURFACE('',#2232,0.5);
#2063=CYLINDRICAL_SURFACE('',#2238,8.5);
#2064=CYLINDRICAL_SURFACE('',#2243,0.5);
#2065=CYLINDRICAL_SURFACE('',#2253,1.49999996647241);
#2066=CYLINDRICAL_SURFACE('',#2258,0.5);
#2067=CYLINDRICAL_SURFACE('',#2268,1.5);
#2068=CYLINDRICAL_SURFACE('',#2273,0.5);
#2069=CYLINDRICAL_SURFACE('',#2282,1.4999999664724);
#2070=CYLINDRICAL_SURFACE('',#2371,3.);
#2071=CYLINDRICAL_SURFACE('',#2373,3.4635);
#2072=CYLINDRICAL_SURFACE('',#2377,5.);
#2073=CYLINDRICAL_SURFACE('',#2388,8.);
#2074=CYLINDRICAL_SURFACE('',#2391,7.99999999999999);
#2075=ADVANCED_FACE('',(#168),#2059,.T.);
#2076=ADVANCED_FACE('',(#169),#69,.T.);
#2077=ADVANCED_FACE('',(#170),#70,.F.);
#2078=ADVANCED_FACE('',(#171),#2060,.F.);
#2079=ADVANCED_FACE('',(#172),#2061,.F.);
#2080=ADVANCED_FACE('',(#173),#2062,.F.);
#2081=ADVANCED_FACE('',(#174),#71,.T.);
#2082=ADVANCED_FACE('',(#175),#72,.T.);
#2083=ADVANCED_FACE('',(#176),#73,.T.);
#2084=ADVANCED_FACE('',(#177),#2063,.T.);
#2085=ADVANCED_FACE('',(#178,#31,#32,#33),#74,.T.);
#2086=ADVANCED_FACE('',(#179,#34,#35,#36),#75,.F.);
#2087=ADVANCED_FACE('',(#180),#2064,.F.);
#2088=ADVANCED_FACE('',(#181),#76,.T.);
#2089=ADVANCED_FACE('',(#182),#77,.T.);
#2090=ADVANCED_FACE('',(#183),#78,.T.);
#2091=ADVANCED_FACE('',(#184),#79,.T.);
#2092=ADVANCED_FACE('',(#185),#80,.T.);
#2093=ADVANCED_FACE('',(#186),#81,.T.);
#2094=ADVANCED_FACE('',(#187),#82,.T.);
#2095=ADVANCED_FACE('',(#188),#2065,.T.);
#2096=ADVANCED_FACE('',(#189,#37),#83,.T.);
#2097=ADVANCED_FACE('',(#190,#38),#84,.F.);
#2098=ADVANCED_FACE('',(#191),#2066,.F.);
#2099=ADVANCED_FACE('',(#192),#85,.T.);
#2100=ADVANCED_FACE('',(#193),#86,.T.);
#2101=ADVANCED_FACE('',(#194),#87,.T.);
#2102=ADVANCED_FACE('',(#195),#88,.T.);
#2103=ADVANCED_FACE('',(#196),#89,.T.);
#2104=ADVANCED_FACE('',(#197),#90,.T.);
#2105=ADVANCED_FACE('',(#198),#91,.T.);
#2106=ADVANCED_FACE('',(#199),#2067,.T.);
#2107=ADVANCED_FACE('',(#200,#39),#92,.T.);
#2108=ADVANCED_FACE('',(#201,#40),#93,.F.);
#2109=ADVANCED_FACE('',(#202),#2068,.F.);
#2110=ADVANCED_FACE('',(#203),#94,.T.);
#2111=ADVANCED_FACE('',(#204),#95,.T.);
#2112=ADVANCED_FACE('',(#205),#96,.T.);
#2113=ADVANCED_FACE('',(#206),#97,.T.);
#2114=ADVANCED_FACE('',(#207),#98,.T.);
#2115=ADVANCED_FACE('',(#208),#99,.T.);
#2116=ADVANCED_FACE('',(#209),#2069,.T.);
#2117=ADVANCED_FACE('',(#210),#100,.T.);
#2118=ADVANCED_FACE('',(#211,#41),#101,.T.);
#2119=ADVANCED_FACE('',(#212,#42),#102,.F.);
#2120=ADVANCED_FACE('',(#213),#103,.F.);
#2121=ADVANCED_FACE('',(#214),#104,.F.);
#2122=ADVANCED_FACE('',(#215),#105,.T.);
#2123=ADVANCED_FACE('',(#216),#106,.F.);
#2124=ADVANCED_FACE('',(#217),#107,.F.);
#2125=ADVANCED_FACE('',(#218),#108,.T.);
#2126=ADVANCED_FACE('',(#219),#109,.F.);
#2127=ADVANCED_FACE('',(#220),#110,.F.);
#2128=ADVANCED_FACE('',(#221),#111,.T.);
#2129=ADVANCED_FACE('',(#222),#112,.F.);
#2130=ADVANCED_FACE('',(#223),#113,.F.);
#2131=ADVANCED_FACE('',(#224),#114,.T.);
#2132=ADVANCED_FACE('',(#225),#115,.F.);
#2133=ADVANCED_FACE('',(#226),#116,.F.);
#2134=ADVANCED_FACE('',(#227),#117,.T.);
#2135=ADVANCED_FACE('',(#228),#118,.F.);
#2136=ADVANCED_FACE('',(#229),#119,.F.);
#2137=ADVANCED_FACE('',(#230),#120,.T.);
#2138=ADVANCED_FACE('',(#231),#121,.F.);
#2139=ADVANCED_FACE('',(#232),#122,.F.);
#2140=ADVANCED_FACE('',(#233),#123,.T.);
#2141=ADVANCED_FACE('',(#234),#124,.F.);
#2142=ADVANCED_FACE('',(#235),#125,.F.);
#2143=ADVANCED_FACE('',(#236),#126,.T.);
#2144=ADVANCED_FACE('',(#237),#127,.F.);
#2145=ADVANCED_FACE('',(#238),#128,.F.);
#2146=ADVANCED_FACE('',(#239),#129,.T.);
#2147=ADVANCED_FACE('',(#240),#130,.F.);
#2148=ADVANCED_FACE('',(#241),#131,.F.);
#2149=ADVANCED_FACE('',(#242),#132,.F.);
#2150=ADVANCED_FACE('',(#243),#133,.F.);
#2151=ADVANCED_FACE('',(#244),#134,.F.);
#2152=ADVANCED_FACE('',(#245),#135,.F.);
#2153=ADVANCED_FACE('',(#246),#136,.F.);
#2154=ADVANCED_FACE('',(#247),#137,.T.);
#2155=ADVANCED_FACE('',(#248),#138,.F.);
#2156=ADVANCED_FACE('',(#249),#139,.F.);
#2157=ADVANCED_FACE('',(#250),#140,.T.);
#2158=ADVANCED_FACE('',(#251),#141,.F.);
#2159=ADVANCED_FACE('',(#252),#142,.F.);
#2160=ADVANCED_FACE('',(#253),#143,.T.);
#2161=ADVANCED_FACE('',(#254),#144,.F.);
#2162=ADVANCED_FACE('',(#255),#145,.F.);
#2163=ADVANCED_FACE('',(#256),#146,.T.);
#2164=ADVANCED_FACE('',(#257),#147,.F.);
#2165=ADVANCED_FACE('',(#258),#148,.F.);
#2166=ADVANCED_FACE('',(#259),#149,.T.);
#2167=ADVANCED_FACE('',(#260),#150,.F.);
#2168=ADVANCED_FACE('',(#261),#151,.F.);
#2169=ADVANCED_FACE('',(#262),#152,.T.);
#2170=ADVANCED_FACE('',(#263),#153,.T.);
#2171=ADVANCED_FACE('',(#264),#154,.T.);
#2172=ADVANCED_FACE('',(#265),#2070,.T.);
#2173=ADVANCED_FACE('',(#266),#2071,.T.);
#2174=ADVANCED_FACE('',(#267,#43),#155,.T.);
#2175=ADVANCED_FACE('',(#268),#2072,.T.);
#2176=ADVANCED_FACE('',(#269,#44),#156,.T.);
#2177=ADVANCED_FACE('',(#270),#157,.T.);
#2178=ADVANCED_FACE('',(#271),#158,.T.);
#2179=ADVANCED_FACE('',(#272),#159,.T.);
#2180=ADVANCED_FACE('',(#273),#2073,.T.);
#2181=ADVANCED_FACE('',(#274),#160,.T.);
#2182=ADVANCED_FACE('',(#275),#2074,.T.);
#2183=ADVANCED_FACE('',(#276),#161,.F.);
#2184=ADVANCED_FACE('',(#277),#28,.T.);
#2185=ADVANCED_FACE('',(#278),#13,.T.);
#2186=ADVANCED_FACE('',(#279,#45),#162,.T.);
#2187=ADVANCED_FACE('',(#280),#14,.F.);
#2188=ADVANCED_FACE('',(#281,#46),#163,.F.);
#2189=ADVANCED_FACE('',(#282),#29,.T.);
#2190=ADVANCED_FACE('',(#283),#15,.T.);
#2191=ADVANCED_FACE('',(#284,#47),#164,.T.);
#2192=ADVANCED_FACE('',(#285),#16,.F.);
#2193=ADVANCED_FACE('',(#286,#48),#165,.F.);
#2194=ADVANCED_FACE('',(#287),#30,.T.);
#2195=ADVANCED_FACE('',(#288),#17,.T.);
#2196=ADVANCED_FACE('',(#289,#49),#166,.T.);
#2197=ADVANCED_FACE('',(#290),#18,.F.);
#2198=ADVANCED_FACE('',(#291,#50),#167,.F.);
#2199=CLOSED_SHELL('',(#2075,#2076,#2077));
#2200=CLOSED_SHELL('',(#2078,#2079,#2080,#2081,#2082,#2083,#2084,#2085,
#2086));
#2201=CLOSED_SHELL('',(#2087,#2088,#2089,#2090,#2091,#2092,#2093,#2094,
#2095,#2096,#2097));
#2202=CLOSED_SHELL('',(#2098,#2099,#2100,#2101,#2102,#2103,#2104,#2105,
#2106,#2107,#2108));
#2203=CLOSED_SHELL('',(#2109,#2110,#2111,#2112,#2113,#2114,#2115,#2116,
#2117,#2118,#2119));
#2204=CLOSED_SHELL('',(#2120,#2121,#2122,#2123,#2124,#2125,#2126,#2127,
#2128,#2129,#2130,#2131,#2132,#2133,#2134,#2135,#2136,#2137,#2138,#2139,
#2140,#2141,#2142,#2143,#2144,#2145,#2146,#2147,#2148,#2149,#2150,#2151,
#2152,#2153,#2154,#2155,#2156,#2157,#2158,#2159,#2160,#2161,#2162,#2163,
#2164,#2165,#2166,#2167,#2168,#2169,#2170,#2171,#2172,#2173,#2174,#2175,
#2176,#2177,#2178,#2179,#2180,#2181,#2182,#2183));
#2205=CLOSED_SHELL('',(#2184,#2185,#2186,#2187,#2188));
#2206=CLOSED_SHELL('',(#2189,#2190,#2191,#2192,#2193));
#2207=CLOSED_SHELL('',(#2194,#2195,#2196,#2197,#2198));
#2208=DERIVED_UNIT_ELEMENT(#2210,1.);
#2209=DERIVED_UNIT_ELEMENT(#4126,-3.);
#2210=(
MASS_UNIT()
NAMED_UNIT(*)
SI_UNIT(.KILO.,.GRAM.)
);
#2211=DERIVED_UNIT((#2208,#2209));
#2212=MEASURE_REPRESENTATION_ITEM('density measure',
POSITIVE_RATIO_MEASURE(7850.),#2211);
#2213=PROPERTY_DEFINITION_REPRESENTATION(#2218,#2215);
#2214=PROPERTY_DEFINITION_REPRESENTATION(#2219,#2216);
#2215=REPRESENTATION('material name',(#2217),#4123);
#2216=REPRESENTATION('density',(#2212),#4123);
#2217=DESCRIPTIVE_REPRESENTATION_ITEM('Steel','Steel');
#2218=PROPERTY_DEFINITION('material property','material name',#4133);
#2219=PROPERTY_DEFINITION('material property','density of part',#4133);
#2220=AXIS2_PLACEMENT_3D('',#3026,#2415,#2416);
#2221=AXIS2_PLACEMENT_3D('',#3027,#2417,#2418);
#2222=AXIS2_PLACEMENT_3D('',#3029,#2419,#2420);
#2223=AXIS2_PLACEMENT_3D('',#3032,#2422,#2423);
#2224=AXIS2_PLACEMENT_3D('',#3033,#2424,#2425);
#2225=AXIS2_PLACEMENT_3D('',#3034,#2426,#2427);
#2226=AXIS2_PLACEMENT_3D('',#3035,#2428,#2429);
#2227=AXIS2_PLACEMENT_3D('',#3037,#2430,#2431);
#2228=AXIS2_PLACEMENT_3D('',#3040,#2433,#2434);
#2229=AXIS2_PLACEMENT_3D('',#3041,#2435,#2436);
#2230=AXIS2_PLACEMENT_3D('',#3043,#2437,#2438);
#2231=AXIS2_PLACEMENT_3D('',#3046,#2440,#2441);
#2232=AXIS2_PLACEMENT_3D('',#3047,#2442,#2443);
#2233=AXIS2_PLACEMENT_3D('',#3049,#2444,#2445);
#2234=AXIS2_PLACEMENT_3D('',#3052,#2447,#2448);
#2235=AXIS2_PLACEMENT_3D('',#3053,#2449,#2450);
#2236=AXIS2_PLACEMENT_3D('',#3062,#2455,#2456);
#2237=AXIS2_PLACEMENT_3D('',#3068,#2460,#2461);
#2238=AXIS2_PLACEMENT_3D('',#3074,#2465,#2466);
#2239=AXIS2_PLACEMENT_3D('',#3075,#2467,#2468);
#2240=AXIS2_PLACEMENT_3D('',#3076,#2469,#2470);
#2241=AXIS2_PLACEMENT_3D('',#3077,#2471,#2472);
#2242=AXIS2_PLACEMENT_3D('',#3078,#2473,#2474);
#2243=AXIS2_PLACEMENT_3D('',#3079,#2475,#2476);
#2244=AXIS2_PLACEMENT_3D('',#3081,#2477,#2478);
#2245=AXIS2_PLACEMENT_3D('',#3084,#2480,#2481);
#2246=AXIS2_PLACEMENT_3D('',#3085,#2482,#2483);
#2247=AXIS2_PLACEMENT_3D('',#3094,#2488,#2489);
#2248=AXIS2_PLACEMENT_3D('',#3100,#2493,#2494);
#2249=AXIS2_PLACEMENT_3D('',#3106,#2498,#2499);
#2250=AXIS2_PLACEMENT_3D('',#3112,#2503,#2504);
#2251=AXIS2_PLACEMENT_3D('',#3118,#2508,#2509);
#2252=AXIS2_PLACEMENT_3D('',#3124,#2513,#2514);
#2253=AXIS2_PLACEMENT_3D('',#3130,#2518,#2519);
#2254=AXIS2_PLACEMENT_3D('',#3131,#2520,#2521);
#2255=AXIS2_PLACEMENT_3D('',#3132,#2522,#2523);
#2256=AXIS2_PLACEMENT_3D('',#3133,#2524,#2525);
#2257=AXIS2_PLACEMENT_3D('',#3134,#2526,#2527);
#2258=AXIS2_PLACEMENT_3D('',#3135,#2528,#2529);
#2259=AXIS2_PLACEMENT_3D('',#3137,#2530,#2531);
#2260=AXIS2_PLACEMENT_3D('',#3140,#2533,#2534);
#2261=AXIS2_PLACEMENT_3D('',#3141,#2535,#2536);
#2262=AXIS2_PLACEMENT_3D('',#3150,#2541,#2542);
#2263=AXIS2_PLACEMENT_3D('',#3156,#2546,#2547);
#2264=AXIS2_PLACEMENT_3D('',#3162,#2551,#2552);
#2265=AXIS2_PLACEMENT_3D('',#3168,#2556,#2557);
#2266=AXIS2_PLACEMENT_3D('',#3174,#2561,#2562);
#2267=AXIS2_PLACEMENT_3D('',#3180,#2566,#2567);
#2268=AXIS2_PLACEMENT_3D('',#3186,#2571,#2572);
#2269=AXIS2_PLACEMENT_3D('',#3187,#2573,#2574);
#2270=AXIS2_PLACEMENT_3D('',#3188,#2575,#2576);
#2271=AXIS2_PLACEMENT_3D('',#3189,#2577,#2578);
#2272=AXIS2_PLACEMENT_3D('',#3190,#2579,#2580);
#2273=AXIS2_PLACEMENT_3D('',#3191,#2581,#2582);
#2274=AXIS2_PLACEMENT_3D('',#3193,#2583,#2584);
#2275=AXIS2_PLACEMENT_3D('',#3196,#2586,#2587);
#2276=AXIS2_PLACEMENT_3D('',#3197,#2588,#2589);
#2277=AXIS2_PLACEMENT_3D('',#3206,#2594,#2595);
#2278=AXIS2_PLACEMENT_3D('',#3212,#2599,#2600);
#2279=AXIS2_PLACEMENT_3D('',#3218,#2604,#2605);
#2280=AXIS2_PLACEMENT_3D('',#3224,#2609,#2610);
#2281=AXIS2_PLACEMENT_3D('',#3230,#2614,#2615);
#2282=AXIS2_PLACEMENT_3D('',#3236,#2619,#2620);
#2283=AXIS2_PLACEMENT_3D('',#3238,#2621,#2622);
#2284=AXIS2_PLACEMENT_3D('',#3240,#2623,#2624);
#2285=AXIS2_PLACEMENT_3D('',#3242,#2626,#2627);
#2286=AXIS2_PLACEMENT_3D('',#3245,#2630,#2631);
#2287=AXIS2_PLACEMENT_3D('',#3246,#2632,#2633);
#2288=AXIS2_PLACEMENT_3D('',#3247,#2634,#2635);
#2289=AXIS2_PLACEMENT_3D('',#3256,#2640,#2641);
#2290=AXIS2_PLACEMENT_3D('',#3262,#2645,#2646);
#2291=AXIS2_PLACEMENT_3D('',#3263,#2647,#2648);
#2292=AXIS2_PLACEMENT_3D('',#3264,#2649,#2650);
#2293=AXIS2_PLACEMENT_3D('',#3273,#2655,#2656);
#2294=AXIS2_PLACEMENT_3D('',#3279,#2660,#2661);
#2295=AXIS2_PLACEMENT_3D('',#3280,#2662,#2663);
#2296=AXIS2_PLACEMENT_3D('',#3281,#2664,#2665);
#2297=AXIS2_PLACEMENT_3D('',#3290,#2670,#2671);
#2298=AXIS2_PLACEMENT_3D('',#3296,#2675,#2676);
#2299=AXIS2_PLACEMENT_3D('',#3297,#2677,#2678);
#2300=AXIS2_PLACEMENT_3D('',#3298,#2679,#2680);
#2301=AXIS2_PLACEMENT_3D('',#3307,#2685,#2686);
#2302=AXIS2_PLACEMENT_3D('',#3313,#2690,#2691);
#2303=AXIS2_PLACEMENT_3D('',#3314,#2692,#2693);
#2304=AXIS2_PLACEMENT_3D('',#3315,#2694,#2695);
#2305=AXIS2_PLACEMENT_3D('',#3324,#2700,#2701);
#2306=AXIS2_PLACEMENT_3D('',#3330,#2705,#2706);
#2307=AXIS2_PLACEMENT_3D('',#3331,#2707,#2708);
#2308=AXIS2_PLACEMENT_3D('',#3332,#2709,#2710);
#2309=AXIS2_PLACEMENT_3D('',#3341,#2715,#2716);
#2310=AXIS2_PLACEMENT_3D('',#3347,#2720,#2721);
#2311=AXIS2_PLACEMENT_3D('',#3348,#2722,#2723);
#2312=AXIS2_PLACEMENT_3D('',#3349,#2724,#2725);
#2313=AXIS2_PLACEMENT_3D('',#3358,#2730,#2731);
#2314=AXIS2_PLACEMENT_3D('',#3364,#2735,#2736);
#2315=AXIS2_PLACEMENT_3D('',#3365,#2737,#2738);
#2316=AXIS2_PLACEMENT_3D('',#3366,#2739,#2740);
#2317=AXIS2_PLACEMENT_3D('',#3375,#2745,#2746);
#2318=AXIS2_PLACEMENT_3D('',#3381,#2750,#2751);
#2319=AXIS2_PLACEMENT_3D('',#3382,#2752,#2753);
#2320=AXIS2_PLACEMENT_3D('',#3383,#2754,#2755);
#2321=AXIS2_PLACEMENT_3D('',#3392,#2760,#2761);
#2322=AXIS2_PLACEMENT_3D('',#3398,#2765,#2766);
#2323=AXIS2_PLACEMENT_3D('',#3399,#2767,#2768);
#2324=AXIS2_PLACEMENT_3D('',#3400,#2769,#2770);
#2325=AXIS2_PLACEMENT_3D('',#3409,#2775,#2776);
#2326=AXIS2_PLACEMENT_3D('',#3415,#2780,#2781);
#2327=AXIS2_PLACEMENT_3D('',#3421,#2785,#2786);
#2328=AXIS2_PLACEMENT_3D('',#3430,#2791,#2792);
#2329=AXIS2_PLACEMENT_3D('',#3436,#2796,#2797);
#2330=AXIS2_PLACEMENT_3D('',#3442,#2801,#2802);
#2331=AXIS2_PLACEMENT_3D('',#3448,#2806,#2807);
#2332=AXIS2_PLACEMENT_3D('',#3449,#2808,#2809);
#2333=AXIS2_PLACEMENT_3D('',#3451,#2810,#2811);
#2334=AXIS2_PLACEMENT_3D('',#3452,#2812,#2813);
#2335=AXIS2_PLACEMENT_3D('',#3453,#2814,#2815);
#2336=AXIS2_PLACEMENT_3D('',#3459,#2819,#2820);
#2337=AXIS2_PLACEMENT_3D('',#3465,#2824,#2825);
#2338=AXIS2_PLACEMENT_3D('',#3466,#2826,#2827);
#2339=AXIS2_PLACEMENT_3D('',#3467,#2828,#2829);
#2340=AXIS2_PLACEMENT_3D('',#3476,#2834,#2835);
#2341=AXIS2_PLACEMENT_3D('',#3479,#2838,#2839);
#2342=AXIS2_PLACEMENT_3D('',#3480,#2840,#2841);
#2343=AXIS2_PLACEMENT_3D('',#3481,#2842,#2843);
#2344=AXIS2_PLACEMENT_3D('',#3490,#2848,#2849);
#2345=AXIS2_PLACEMENT_3D('',#3496,#2853,#2854);
#2346=AXIS2_PLACEMENT_3D('',#3497,#2855,#2856);
#2347=AXIS2_PLACEMENT_3D('',#3498,#2857,#2858);
#2348=AXIS2_PLACEMENT_3D('',#3507,#2863,#2864);
#2349=AXIS2_PLACEMENT_3D('',#3513,#2868,#2869);
#2350=AXIS2_PLACEMENT_3D('',#3514,#2870,#2871);
#2351=AXIS2_PLACEMENT_3D('',#3515,#2872,#2873);
#2352=AXIS2_PLACEMENT_3D('',#3524,#2878,#2879);
#2353=AXIS2_PLACEMENT_3D('',#3530,#2883,#2884);
#2354=AXIS2_PLACEMENT_3D('',#3531,#2885,#2886);
#2355=AXIS2_PLACEMENT_3D('',#3532,#2887,#2888);
#2356=AXIS2_PLACEMENT_3D('',#3533,#2889,#2890);
#2357=AXIS2_PLACEMENT_3D('',#3534,#2891,#2892);
#2358=AXIS2_PLACEMENT_3D('',#3535,#2893,#2894);
#2359=AXIS2_PLACEMENT_3D('',#3536,#2895,#2896);
#2360=AXIS2_PLACEMENT_3D('',#3537,#2897,#2898);
#2361=AXIS2_PLACEMENT_3D('',#3538,#2899,#2900);
#2362=AXIS2_PLACEMENT_3D('',#3539,#2901,#2902);
#2363=AXIS2_PLACEMENT_3D('',#3540,#2903,#2904);
#2364=AXIS2_PLACEMENT_3D('',#3541,#2905,#2906);
#2365=AXIS2_PLACEMENT_3D('',#3542,#2907,#2908);
#2366=AXIS2_PLACEMENT_3D('',#3543,#2909,#2910);
#2367=AXIS2_PLACEMENT_3D('',#3544,#2911,#2912);
#2368=AXIS2_PLACEMENT_3D('',#3545,#2913,#2914);
#2369=AXIS2_PLACEMENT_3D('',#3546,#2915,#2916);
#2370=AXIS2_PLACEMENT_3D('',#3547,#2917,#2918);
#2371=AXIS2_PLACEMENT_3D('',#3548,#2919,#2920);
#2372=AXIS2_PLACEMENT_3D('',#3551,#2922,#2923);
#2373=AXIS2_PLACEMENT_3D('',#3552,#2924,#2925);
#2374=AXIS2_PLACEMENT_3D('',#3554,#2926,#2927);
#2375=AXIS2_PLACEMENT_3D('',#3557,#2929,#2930);
#2376=AXIS2_PLACEMENT_3D('',#3558,#2931,#2932);
#2377=AXIS2_PLACEMENT_3D('',#3559,#2933,#2934);
#2378=AXIS2_PLACEMENT_3D('',#3561,#2935,#2936);
#2379=AXIS2_PLACEMENT_3D('',#3565,#2938,#2939);
#2380=AXIS2_PLACEMENT_3D('',#3567,#2940,#2941);
#2381=AXIS2_PLACEMENT_3D('',#3568,#2942,#2943);
#2382=AXIS2_PLACEMENT_3D('',#3569,#2944,#2945);
#2383=AXIS2_PLACEMENT_3D('',#3570,#2946,#2947);
#2384=AXIS2_PLACEMENT_3D('',#3574,#2949,#2950);
#2385=AXIS2_PLACEMENT_3D('',#3576,#2952,#2953);
#2386=AXIS2_PLACEMENT_3D('',#3580,#2955,#2956);
#2387=AXIS2_PLACEMENT_3D('',#3582,#2958,#2959);
#2388=AXIS2_PLACEMENT_3D('',#3588,#2963,#2964);
#2389=AXIS2_PLACEMENT_3D('',#3590,#2965,#2966);
#2390=AXIS2_PLACEMENT_3D('',#3592,#2968,#2969);
#2391=AXIS2_PLACEMENT_3D('',#3596,#2972,#2973);
#2392=AXIS2_PLACEMENT_3D('',#3597,#2974,#2975);
#2393=AXIS2_PLACEMENT_3D('',#3598,#2976,#2977);
#2394=AXIS2_PLACEMENT_3D('',#3767,#2978,#2979);
#2395=AXIS2_PLACEMENT_3D('',#3770,#2981,#2982);
#2396=AXIS2_PLACEMENT_3D('',#3771,#2983,#2984);
#2397=AXIS2_PLACEMENT_3D('',#3773,#2985,#2986);
#2398=AXIS2_PLACEMENT_3D('',#3774,#2987,#2988);
#2399=AXIS2_PLACEMENT_3D('',#3776,#2989,#2990);
#2400=AXIS2_PLACEMENT_3D('',#3778,#2992,#2993);
#2401=AXIS2_PLACEMENT_3D('',#3929,#2994,#2995);
#2402=AXIS2_PLACEMENT_3D('',#3932,#2997,#2998);
#2403=AXIS2_PLACEMENT_3D('',#3933,#2999,#3000);
#2404=AXIS2_PLACEMENT_3D('',#3935,#3001,#3002);
#2405=AXIS2_PLACEMENT_3D('',#3936,#3003,#3004);
#2406=AXIS2_PLACEMENT_3D('',#3938,#3005,#3006);
#2407=AXIS2_PLACEMENT_3D('',#3940,#3008,#3009);
#2408=AXIS2_PLACEMENT_3D('',#4109,#3010,#3011);
#2409=AXIS2_PLACEMENT_3D('',#4112,#3013,#3014);
#2410=AXIS2_PLACEMENT_3D('',#4113,#3015,#3016);
#2411=AXIS2_PLACEMENT_3D('',#4115,#3017,#3018);
#2412=AXIS2_PLACEMENT_3D('',#4116,#3019,#3020);
#2413=AXIS2_PLACEMENT_3D('',#4118,#3021,#3022);
#2414=AXIS2_PLACEMENT_3D('',#4120,#3024,#3025);
#2415=DIRECTION('axis',(0.,0.,1.));
#2416=DIRECTION('refdir',(1.,0.,0.));
#2417=DIRECTION('center_axis',(0.,0.,1.));
#2418=DIRECTION('ref_axis',(1.,0.,0.));
#2419=DIRECTION('center_axis',(0.,0.,1.));
#2420=DIRECTION('ref_axis',(1.,0.,0.));
#2421=DIRECTION('',(0.,0.,-1.));
#2422=DIRECTION('center_axis',(0.,0.,1.));
#2423=DIRECTION('ref_axis',(1.,0.,0.));
#2424=DIRECTION('center_axis',(0.,0.,1.));
#2425=DIRECTION('ref_axis',(1.,0.,0.));
#2426=DIRECTION('center_axis',(0.,0.,1.));
#2427=DIRECTION('ref_axis',(1.,0.,0.));
#2428=DIRECTION('center_axis',(0.,0.,1.));
#2429=DIRECTION('ref_axis',(-1.,0.,0.));
#2430=DIRECTION('center_axis',(0.,0.,-1.));
#2431=DIRECTION('ref_axis',(-1.,0.,0.));
#2432=DIRECTION('',(0.,0.,-1.));
#2433=DIRECTION('center_axis',(0.,0.,-1.));
#2434=DIRECTION('ref_axis',(-1.,0.,0.));
#2435=DIRECTION('center_axis',(0.,0.,1.));
#2436=DIRECTION('ref_axis',(-1.,0.,0.));
#2437=DIRECTION('center_axis',(0.,0.,-1.));
#2438=DIRECTION('ref_axis',(-1.,0.,0.));
#2439=DIRECTION('',(0.,0.,-1.));
#2440=DIRECTION('center_axis',(0.,0.,-1.));
#2441=DIRECTION('ref_axis',(-1.,0.,0.));
#2442=DIRECTION('center_axis',(0.,0.,1.));
#2443=DIRECTION('ref_axis',(-1.,0.,0.));
#2444=DIRECTION('center_axis',(0.,0.,-1.));
#2445=DIRECTION('ref_axis',(-1.,0.,0.));
#2446=DIRECTION('',(0.,0.,-1.));
#2447=DIRECTION('center_axis',(0.,0.,-1.));
#2448=DIRECTION('ref_axis',(-1.,0.,0.));
#2449=DIRECTION('center_axis',(1.,4.44089209850063E-16,0.));
#2450=DIRECTION('ref_axis',(-4.44089209850063E-16,1.,0.));
#2451=DIRECTION('',(-4.44089209850063E-16,1.,0.));
#2452=DIRECTION('',(0.,0.,1.));
#2453=DIRECTION('',(-4.44089209850063E-16,1.,0.));
#2454=DIRECTION('',(0.,0.,1.));
#2455=DIRECTION('center_axis',(0.,-1.,0.));
#2456=DIRECTION('ref_axis',(1.,0.,0.));
#2457=DIRECTION('',(1.,0.,0.));
#2458=DIRECTION('',(1.,0.,0.));
#2459=DIRECTION('',(0.,0.,1.));
#2460=DIRECTION('center_axis',(-1.,4.44089209850063E-16,0.));
#2461=DIRECTION('ref_axis',(-4.44089209850063E-16,-1.,0.));
#2462=DIRECTION('',(-4.44089209850063E-16,-1.,0.));
#2463=DIRECTION('',(-4.44089209850063E-16,-1.,0.));
#2464=DIRECTION('',(0.,0.,1.));
#2465=DIRECTION('center_axis',(0.,0.,1.));
#2466=DIRECTION('ref_axis',(3.26536183713281E-16,1.,0.));
#2467=DIRECTION('center_axis',(0.,0.,1.));
#2468=DIRECTION('ref_axis',(0.88235294117647,-0.470588235294118,0.));
#2469=DIRECTION('center_axis',(0.,0.,1.));
#2470=DIRECTION('ref_axis',(0.88235294117647,-0.470588235294118,0.));
#2471=DIRECTION('center_axis',(0.,0.,1.));
#2472=DIRECTION('ref_axis',(-1.,0.,0.));
#2473=DIRECTION('center_axis',(0.,0.,1.));
#2474=DIRECTION('ref_axis',(-1.,0.,0.));
#2475=DIRECTION('center_axis',(0.,0.,-1.));
#2476=DIRECTION('ref_axis',(1.,0.,0.));
#2477=DIRECTION('center_axis',(0.,0.,1.));
#2478=DIRECTION('ref_axis',(1.,0.,0.));
#2479=DIRECTION('',(0.,0.,1.));
#2480=DIRECTION('center_axis',(0.,0.,1.));
#2481=DIRECTION('ref_axis',(1.,0.,0.));
#2482=DIRECTION('center_axis',(-1.,0.,0.));
#2483=DIRECTION('ref_axis',(0.,1.,0.));
#2484=DIRECTION('',(0.,-1.,0.));
#2485=DIRECTION('',(0.,0.,-1.));
#2486=DIRECTION('',(0.,1.,0.));
#2487=DIRECTION('',(0.,0.,-1.));
#2488=DIRECTION('center_axis',(-1.77635683940025E-14,-1.,0.));
#2489=DIRECTION('ref_axis',(-1.,1.77635683940025E-14,0.));
#2490=DIRECTION('',(1.,-1.77635683940025E-14,0.));
#2491=DIRECTION('',(-1.,1.77635683940025E-14,0.));
#2492=DIRECTION('',(0.,0.,-1.));
#2493=DIRECTION('center_axis',(-1.,3.33066907387547E-15,0.));
#2494=DIRECTION('ref_axis',(3.33066907387547E-15,1.,0.));
#2495=DIRECTION('',(-3.33066907387547E-15,-1.,0.));
#2496=DIRECTION('',(3.33066907387547E-15,1.,0.));
#2497=DIRECTION('',(0.,0.,-1.));
#2498=DIRECTION('center_axis',(-8.88178419700125E-15,-1.,0.));
#2499=DIRECTION('ref_axis',(-1.,8.88178419700125E-15,0.));
#2500=DIRECTION('',(1.,-8.88178419700125E-15,0.));
#2501=DIRECTION('',(-1.,8.88178419700125E-15,0.));
#2502=DIRECTION('',(0.,0.,-1.));
#2503=DIRECTION('center_axis',(1.,-1.2490009027033E-15,0.));
#2504=DIRECTION('ref_axis',(-1.2490009027033E-15,-1.,0.));
#2505=DIRECTION('',(1.2490009027033E-15,1.,0.));
#2506=DIRECTION('',(-1.2490009027033E-15,-1.,0.));
#2507=DIRECTION('',(0.,0.,-1.));
#2508=DIRECTION('center_axis',(0.,-1.,0.));
#2509=DIRECTION('ref_axis',(-1.,0.,0.));
#2510=DIRECTION('',(-1.,0.,0.));
#2511=DIRECTION('',(-1.,0.,0.));
#2512=DIRECTION('',(0.,0.,-1.));
#2513=DIRECTION('center_axis',(0.999999999973989,7.21261316144578E-6,0.));
#2514=DIRECTION('ref_axis',(7.21261316144578E-6,-0.999999999973989,0.));
#2515=DIRECTION('',(-7.21261316144578E-6,0.999999999973989,0.));
#2516=DIRECTION('',(7.21261316144578E-6,-0.999999999973989,0.));
#2517=DIRECTION('',(0.,0.,-1.));
#2518=DIRECTION('center_axis',(0.,0.,-1.));
#2519=DIRECTION('ref_axis',(-0.0031047101005207,0.999995180375981,0.));
#2520=DIRECTION('center_axis',(0.,0.,-1.));
#2521=DIRECTION('ref_axis',(-0.999980766310308,-0.00620217779883553,0.));
#2522=DIRECTION('center_axis',(0.,0.,-1.));
#2523=DIRECTION('ref_axis',(-0.999980766310308,-0.00620217779883553,0.));
#2524=DIRECTION('center_axis',(0.,0.,-1.));
#2525=DIRECTION('ref_axis',(1.,0.,0.));
#2526=DIRECTION('center_axis',(0.,0.,-1.));
#2527=DIRECTION('ref_axis',(1.,0.,0.));
#2528=DIRECTION('center_axis',(0.,0.,-1.));
#2529=DIRECTION('ref_axis',(1.,0.,0.));
#2530=DIRECTION('center_axis',(0.,0.,1.));
#2531=DIRECTION('ref_axis',(1.,0.,0.));
#2532=DIRECTION('',(0.,0.,1.));
#2533=DIRECTION('center_axis',(0.,0.,1.));
#2534=DIRECTION('ref_axis',(1.,0.,0.));
#2535=DIRECTION('center_axis',(-1.,1.2490009027033E-15,0.));
#2536=DIRECTION('ref_axis',(1.2490009027033E-15,1.,0.));
#2537=DIRECTION('',(-1.2490009027033E-15,-1.,0.));
#2538=DIRECTION('',(0.,0.,-1.));
#2539=DIRECTION('',(1.2490009027033E-15,1.,0.));
#2540=DIRECTION('',(0.,0.,-1.));
#2541=DIRECTION('center_axis',(-4.61852793728898E-13,-1.,0.));
#2542=DIRECTION('ref_axis',(-1.,4.61852793728898E-13,0.));
#2543=DIRECTION('',(1.,-4.61852793728898E-13,0.));
#2544=DIRECTION('',(-1.,4.61852793728898E-13,0.));
#2545=DIRECTION('',(0.,0.,-1.));
#2546=DIRECTION('center_axis',(-1.,-8.88178419700124E-15,0.));
#2547=DIRECTION('ref_axis',(-8.88178419700124E-15,1.,0.));
#2548=DIRECTION('',(8.88178419700124E-15,-1.,0.));
#2549=DIRECTION('',(-8.88178419700124E-15,1.,0.));
#2550=DIRECTION('',(0.,0.,-1.));
#2551=DIRECTION('center_axis',(0.,-1.,0.));
#2552=DIRECTION('ref_axis',(-1.,0.,0.));
#2553=DIRECTION('',(1.,0.,0.));
#2554=DIRECTION('',(-1.,0.,0.));
#2555=DIRECTION('',(0.,0.,-1.));
#2556=DIRECTION('center_axis',(1.,-1.21430643318376E-15,0.));
#2557=DIRECTION('ref_axis',(-1.21430643318376E-15,-1.,0.));
#2558=DIRECTION('',(1.21430643318376E-15,1.,0.));
#2559=DIRECTION('',(-1.21430643318376E-15,-1.,0.));
#2560=DIRECTION('',(0.,0.,-1.));
#2561=DIRECTION('center_axis',(0.,-1.,0.));
#2562=DIRECTION('ref_axis',(-1.,0.,0.));
#2563=DIRECTION('',(1.,0.,0.));
#2564=DIRECTION('',(-1.,0.,0.));
#2565=DIRECTION('',(0.,0.,-1.));
#2566=DIRECTION('center_axis',(1.,0.,0.));
#2567=DIRECTION('ref_axis',(0.,-1.,0.));
#2568=DIRECTION('',(0.,1.,0.));
#2569=DIRECTION('',(0.,-1.,0.));
#2570=DIRECTION('',(0.,0.,-1.));
#2571=DIRECTION('center_axis',(0.,0.,-1.));
#2572=DIRECTION('ref_axis',(-1.,1.48029736616688E-15,0.));
#2573=DIRECTION('center_axis',(0.,0.,-1.));
#2574=DIRECTION('ref_axis',(-1.,1.48029736616688E-15,0.));
#2575=DIRECTION('center_axis',(0.,0.,-1.));
#2576=DIRECTION('ref_axis',(-1.,1.48029736616688E-15,0.));
#2577=DIRECTION('center_axis',(0.,0.,-1.));
#2578=DIRECTION('ref_axis',(1.,0.,0.));
#2579=DIRECTION('center_axis',(0.,0.,-1.));
#2580=DIRECTION('ref_axis',(1.,0.,0.));
#2581=DIRECTION('center_axis',(0.,0.,-1.));
#2582=DIRECTION('ref_axis',(1.,0.,0.));
#2583=DIRECTION('center_axis',(0.,0.,1.));
#2584=DIRECTION('ref_axis',(1.,0.,0.));
#2585=DIRECTION('',(0.,0.,1.));
#2586=DIRECTION('center_axis',(0.,0.,1.));
#2587=DIRECTION('ref_axis',(1.,0.,0.));
#2588=DIRECTION('center_axis',(0.,-1.,0.));
#2589=DIRECTION('ref_axis',(-1.,0.,0.));
#2590=DIRECTION('',(1.,0.,0.));
#2591=DIRECTION('',(0.,0.,-1.));
#2592=DIRECTION('',(-1.,0.,0.));
#2593=DIRECTION('',(0.,0.,-1.));
#2594=DIRECTION('center_axis',(-1.,0.,0.));
#2595=DIRECTION('ref_axis',(0.,1.,0.));
#2596=DIRECTION('',(0.,-1.,0.));
#2597=DIRECTION('',(0.,1.,0.));
#2598=DIRECTION('',(0.,0.,-1.));
#2599=DIRECTION('center_axis',(0.,-1.,0.));
#2600=DIRECTION('ref_axis',(-1.,0.,0.));
#2601=DIRECTION('',(1.,0.,0.));
#2602=DIRECTION('',(-1.,0.,0.));
#2603=DIRECTION('',(0.,0.,-1.));
#2604=DIRECTION('center_axis',(1.,-1.94289029309402E-15,0.));
#2605=DIRECTION('ref_axis',(-1.94289029309402E-15,-1.,0.));
#2606=DIRECTION('',(1.94289029309402E-15,1.,0.));
#2607=DIRECTION('',(-1.94289029309402E-15,-1.,0.));
#2608=DIRECTION('',(0.,0.,-1.));
#2609=DIRECTION('center_axis',(-2.22044619200304E-15,-1.,0.));
#2610=DIRECTION('ref_axis',(-1.,2.22044619200304E-15,0.));
#2611=DIRECTION('',(1.,-2.22044619200304E-15,0.));
#2612=DIRECTION('',(-1.,2.22044619200304E-15,0.));
#2613=DIRECTION('',(0.,0.,-1.));
#2614=DIRECTION('center_axis',(1.,1.67638028458741E-8,0.));
#2615=DIRECTION('ref_axis',(1.67638028458741E-8,-1.,0.));
#2616=DIRECTION('',(-1.67638028458741E-8,1.,0.));
#2617=DIRECTION('',(1.67638028458741E-8,-1.,0.));
#2618=DIRECTION('',(0.,0.,-1.));
#2619=DIRECTION('center_axis',(0.,0.,-1.));
#2620=DIRECTION('ref_axis',(-1.,-3.09382156444104E-13,0.));
#2621=DIRECTION('center_axis',(0.,0.,-1.));
#2622=DIRECTION('ref_axis',(-1.,-3.09382156444104E-13,0.));
#2623=DIRECTION('center_axis',(0.,0.,-1.));
#2624=DIRECTION('ref_axis',(-1.,-3.09382156444104E-13,0.));
#2625=DIRECTION('',(0.,0.,-1.));
#2626=DIRECTION('center_axis',(-1.,0.,0.));
#2627=DIRECTION('ref_axis',(0.,1.,0.));
#2628=DIRECTION('',(0.,-1.,0.));
#2629=DIRECTION('',(0.,1.,0.));
#2630=DIRECTION('center_axis',(0.,0.,-1.));
#2631=DIRECTION('ref_axis',(1.,0.,0.));
#2632=DIRECTION('center_axis',(0.,0.,-1.));
#2633=DIRECTION('ref_axis',(1.,0.,0.));
#2634=DIRECTION('center_axis',(0.74172293415241,0.670706410400511,0.));
#2635=DIRECTION('ref_axis',(0.670706410400511,-0.74172293415241,0.));
#2636=DIRECTION('',(0.670706410400511,-0.74172293415241,0.));
#2637=DIRECTION('',(0.,0.,-1.));
#2638=DIRECTION('',(0.670706410400511,-0.74172293415241,0.));
#2639=DIRECTION('',(0.,0.,-1.));
#2640=DIRECTION('center_axis',(-0.655429520811167,0.755256342740162,0.));
#2641=DIRECTION('ref_axis',(0.755256342740162,0.655429520811167,0.));
#2642=DIRECTION('',(0.755256342740162,0.655429520811167,0.));
#2643=DIRECTION('',(0.,0.,1.));
#2644=DIRECTION('',(0.755256342740162,0.655429520811167,0.));
#2645=DIRECTION('center_axis',(0.,0.,1.));
#2646=DIRECTION('ref_axis',(-1.,0.,0.));
#2647=DIRECTION('center_axis',(0.,0.,-1.));
#2648=DIRECTION('ref_axis',(-1.,0.,0.));
#2649=DIRECTION('center_axis',(0.951710256964119,-0.306997698345265,0.));
#2650=DIRECTION('ref_axis',(-0.306997698345264,-0.951710256964119,0.));
#2651=DIRECTION('',(-0.306997698345264,-0.951710256964119,0.));
#2652=DIRECTION('',(0.,0.,-1.));
#2653=DIRECTION('',(-0.306997698345264,-0.951710256964119,0.));
#2654=DIRECTION('',(0.,0.,-1.));
#2655=DIRECTION('center_axis',(0.326356418776725,0.945246786782812,0.));
#2656=DIRECTION('ref_axis',(0.945246786782812,-0.326356418776725,0.));
#2657=DIRECTION('',(0.945246786782812,-0.326356418776725,0.));
#2658=DIRECTION('',(0.,0.,1.));
#2659=DIRECTION('',(0.945246786782812,-0.326356418776725,0.));
#2660=DIRECTION('center_axis',(0.,0.,1.));
#2661=DIRECTION('ref_axis',(-1.,0.,0.));
#2662=DIRECTION('center_axis',(0.,0.,-1.));
#2663=DIRECTION('ref_axis',(-1.,0.,0.));
#2664=DIRECTION('center_axis',(-0.467596465276065,-0.883942048813908,0.));
#2665=DIRECTION('ref_axis',(-0.883942048813908,0.467596465276065,0.));
#2666=DIRECTION('',(-0.883942048813908,0.467596465276065,0.));
#2667=DIRECTION('',(0.,0.,-1.));
#2668=DIRECTION('',(-0.883942048813908,0.467596465276065,0.));
#2669=DIRECTION('',(0.,0.,-1.));
#2670=DIRECTION('center_axis',(0.874215166743108,-0.485538713426973,0.));
#2671=DIRECTION('ref_axis',(-0.485538713426973,-0.874215166743108,0.));
#2672=DIRECTION('',(-0.485538713426973,-0.874215166743108,0.));
#2673=DIRECTION('',(0.,0.,1.));
#2674=DIRECTION('',(-0.485538713426973,-0.874215166743108,0.));
#2675=DIRECTION('center_axis',(0.,0.,1.));
#2676=DIRECTION('ref_axis',(-1.,0.,0.));
#2677=DIRECTION('center_axis',(0.,0.,-1.));
#2678=DIRECTION('ref_axis',(-1.,0.,0.));
#2679=DIRECTION('center_axis',(0.92638667050532,0.376573680320422,0.));
#2680=DIRECTION('ref_axis',(0.376573680320422,-0.92638667050532,0.));
#2681=DIRECTION('',(0.376573680320422,-0.92638667050532,0.));
#2682=DIRECTION('',(0.,0.,-1.));
#2683=DIRECTION('',(0.376573680320422,-0.92638667050532,0.));
#2684=DIRECTION('',(0.,0.,-1.));
#2685=DIRECTION('center_axis',(-0.357589401559887,0.933878910722392,0.));
#2686=DIRECTION('ref_axis',(0.933878910722392,0.357589401559887,0.));
#2687=DIRECTION('',(0.933878910722392,0.357589401559887,0.));
#2688=DIRECTION('',(0.,0.,1.));
#2689=DIRECTION('',(0.933878910722392,0.357589401559887,0.));
#2690=DIRECTION('center_axis',(0.,0.,1.));
#2691=DIRECTION('ref_axis',(-1.,0.,0.));
#2692=DIRECTION('center_axis',(0.,0.,-1.));
#2693=DIRECTION('ref_axis',(-1.,0.,0.));
#2694=DIRECTION('center_axis',(0.137070961698575,0.990561230545103,0.));
#2695=DIRECTION('ref_axis',(0.990561230545103,-0.137070961698575,0.));
#2696=DIRECTION('',(0.990561230545103,-0.137070961698575,0.));
#2697=DIRECTION('',(0.,0.,-1.));
#2698=DIRECTION('',(0.990561230545103,-0.137070961698575,0.));
#2699=DIRECTION('',(0.,0.,-1.));
#2700=DIRECTION('center_axis',(-0.987557561524075,0.15725794948626,0.));
#2701=DIRECTION('ref_axis',(0.15725794948626,0.987557561524075,0.));
#2702=DIRECTION('',(0.15725794948626,0.987557561524075,0.));
#2703=DIRECTION('',(0.,0.,1.));
#2704=DIRECTION('',(0.15725794948626,0.987557561524075,0.));
#2705=DIRECTION('center_axis',(0.,0.,1.));
#2706=DIRECTION('ref_axis',(-1.,0.,0.));
#2707=DIRECTION('center_axis',(0.,0.,-1.));
#2708=DIRECTION('ref_axis',(-1.,0.,0.));
#2709=DIRECTION('center_axis',(-0.741722934152411,-0.670706410400511,0.));
#2710=DIRECTION('ref_axis',(-0.670706410400511,0.741722934152411,0.));
#2711=DIRECTION('',(-0.670706410400511,0.741722934152411,0.));
#2712=DIRECTION('',(0.,0.,-1.));
#2713=DIRECTION('',(-0.670706410400511,0.741722934152411,0.));
#2714=DIRECTION('',(0.,0.,-1.));
#2715=DIRECTION('center_axis',(0.655429520811166,-0.755256342740162,0.));
#2716=DIRECTION('ref_axis',(-0.755256342740162,-0.655429520811166,0.));
#2717=DIRECTION('',(-0.755256342740162,-0.655429520811166,0.));
#2718=DIRECTION('',(0.,0.,1.));
#2719=DIRECTION('',(-0.755256342740162,-0.655429520811166,0.));
#2720=DIRECTION('center_axis',(0.,0.,1.));
#2721=DIRECTION('ref_axis',(-1.,0.,0.));
#2722=DIRECTION('center_axis',(0.,0.,-1.));
#2723=DIRECTION('ref_axis',(-1.,0.,0.));
#2724=DIRECTION('center_axis',(-0.137070961698575,-0.990561230545103,0.));
#2725=DIRECTION('ref_axis',(-0.990561230545103,0.137070961698575,0.));
#2726=DIRECTION('',(-0.990561230545103,0.137070961698575,0.));
#2727=DIRECTION('',(0.,0.,-1.));
#2728=DIRECTION('',(-0.990561230545103,0.137070961698575,0.));
#2729=DIRECTION('',(0.,0.,-1.));
#2730=DIRECTION('center_axis',(0.987557561524075,-0.15725794948626,0.));
#2731=DIRECTION('ref_axis',(-0.15725794948626,-0.987557561524075,0.));
#2732=DIRECTION('',(-0.15725794948626,-0.987557561524075,0.));
#2733=DIRECTION('',(0.,0.,1.));
#2734=DIRECTION('',(-0.15725794948626,-0.987557561524075,0.));
#2735=DIRECTION('center_axis',(0.,0.,1.));
#2736=DIRECTION('ref_axis',(-1.,0.,0.));
#2737=DIRECTION('center_axis',(0.,0.,-1.));
#2738=DIRECTION('ref_axis',(-1.,0.,0.));
#2739=DIRECTION('center_axis',(-0.92638667050532,-0.376573680320422,0.));
#2740=DIRECTION('ref_axis',(-0.376573680320422,0.92638667050532,0.));
#2741=DIRECTION('',(-0.376573680320422,0.92638667050532,0.));
#2742=DIRECTION('',(0.,0.,-1.));
#2743=DIRECTION('',(-0.376573680320422,0.92638667050532,0.));
#2744=DIRECTION('',(0.,0.,-1.));
#2745=DIRECTION('center_axis',(0.357589401559886,-0.933878910722392,0.));
#2746=DIRECTION('ref_axis',(-0.933878910722392,-0.357589401559886,0.));
#2747=DIRECTION('',(-0.933878910722392,-0.357589401559886,0.));
#2748=DIRECTION('',(0.,0.,1.));
#2749=DIRECTION('',(-0.933878910722392,-0.357589401559886,0.));
#2750=DIRECTION('center_axis',(0.,0.,1.));
#2751=DIRECTION('ref_axis',(-1.,0.,0.));
#2752=DIRECTION('center_axis',(0.,0.,-1.));
#2753=DIRECTION('ref_axis',(-1.,0.,0.));
#2754=DIRECTION('center_axis',(0.209987322811709,-0.977704108745776,0.));
#2755=DIRECTION('ref_axis',(-0.977704108745776,-0.209987322811709,0.));
#2756=DIRECTION('',(-0.977704108745776,-0.209987322811709,0.));
#2757=DIRECTION('',(0.,0.,-1.));
#2758=DIRECTION('',(-0.977704108745776,-0.209987322811709,0.));
#2759=DIRECTION('',(0.,0.,-1.));
#2760=DIRECTION('center_axis',(0.98178593958789,0.189990444042651,0.));
#2761=DIRECTION('ref_axis',(0.189990444042651,-0.98178593958789,0.));
#2762=DIRECTION('',(0.189990444042651,-0.98178593958789,0.));
#2763=DIRECTION('',(0.,0.,1.));
#2764=DIRECTION('',(0.189990444042651,-0.98178593958789,0.));
#2765=DIRECTION('center_axis',(0.,0.,1.));
#2766=DIRECTION('ref_axis',(-1.,0.,0.));
#2767=DIRECTION('center_axis',(0.,0.,-1.));
#2768=DIRECTION('ref_axis',(-1.,0.,0.));
#2769=DIRECTION('center_axis',(0.77993828862447,-0.625856425977662,0.));
#2770=DIRECTION('ref_axis',(-0.625856425977662,-0.77993828862447,0.));
#2771=DIRECTION('',(-0.625856425977662,-0.77993828862447,0.));
#2772=DIRECTION('',(0.,0.,-1.));
#2773=DIRECTION('',(-0.625856425977662,-0.77993828862447,0.));
#2774=DIRECTION('',(0.,0.,-1.));
#2775=DIRECTION('center_axis',(0.,-1.,0.));
#2776=DIRECTION('ref_axis',(-1.,0.,0.));
#2777=DIRECTION('',(-1.,0.,0.));
#2778=DIRECTION('',(0.,0.,-1.));
#2779=DIRECTION('',(-1.,0.,0.));
#2780=DIRECTION('center_axis',(-0.864427752209461,-0.502757059831186,0.));
#2781=DIRECTION('ref_axis',(-0.502757059831186,0.864427752209461,0.));
#2782=DIRECTION('',(-0.502757059831186,0.864427752209461,0.));
#2783=DIRECTION('',(0.,0.,1.));
#2784=DIRECTION('',(-0.502757059831186,0.864427752209461,0.));
#2785=DIRECTION('center_axis',(-0.787678793318964,0.616086129169925,0.));
#2786=DIRECTION('ref_axis',(0.616086129169925,0.787678793318964,0.));
#2787=DIRECTION('',(0.616086129169925,0.787678793318964,0.));
#2788=DIRECTION('',(0.,0.,-1.));
#2789=DIRECTION('',(0.616086129169925,0.787678793318964,0.));
#2790=DIRECTION('',(0.,0.,-1.));
#2791=DIRECTION('center_axis',(0.,1.,0.));
#2792=DIRECTION('ref_axis',(1.,0.,0.));
#2793=DIRECTION('',(1.,0.,0.));
#2794=DIRECTION('',(0.,0.,-1.));
#2795=DIRECTION('',(1.,0.,0.));
#2796=DIRECTION('center_axis',(0.531718037108076,-0.846921442055835,0.));
#2797=DIRECTION('ref_axis',(-0.846921442055835,-0.531718037108076,0.));
#2798=DIRECTION('',(-0.846921442055835,-0.531718037108076,0.));
#2799=DIRECTION('',(0.,0.,-1.));
#2800=DIRECTION('',(-0.846921442055835,-0.531718037108076,0.));
#2801=DIRECTION('center_axis',(0.857596443720126,0.514323186059693,0.));
#2802=DIRECTION('ref_axis',(0.514323186059693,-0.857596443720126,0.));
#2803=DIRECTION('',(0.514323186059693,-0.857596443720126,0.));
#2804=DIRECTION('',(0.,0.,1.));
#2805=DIRECTION('',(0.514323186059693,-0.857596443720126,0.));
#2806=DIRECTION('center_axis',(0.,0.,1.));
#2807=DIRECTION('ref_axis',(-1.,0.,0.));
#2808=DIRECTION('center_axis',(0.,0.,-1.));
#2809=DIRECTION('ref_axis',(-1.,0.,0.));
#2810=DIRECTION('center_axis',(0.,0.,-1.));
#2811=DIRECTION('ref_axis',(-1.,0.,0.));
#2812=DIRECTION('center_axis',(0.,0.,-1.));
#2813=DIRECTION('ref_axis',(-1.,0.,0.));
#2814=DIRECTION('center_axis',(-0.209987322811708,0.977704108745776,0.));
#2815=DIRECTION('ref_axis',(0.977704108745776,0.209987322811708,0.));
#2816=DIRECTION('',(0.977704108745776,0.209987322811708,0.));
#2817=DIRECTION('',(0.,0.,-1.));
#2818=DIRECTION('',(0.977704108745776,0.209987322811708,0.));
#2819=DIRECTION('center_axis',(-0.98178593958789,-0.189990444042651,0.));
#2820=DIRECTION('ref_axis',(-0.189990444042651,0.98178593958789,0.));
#2821=DIRECTION('',(-0.189990444042651,0.98178593958789,0.));
#2822=DIRECTION('',(0.,0.,1.));
#2823=DIRECTION('',(-0.189990444042651,0.98178593958789,0.));
#2824=DIRECTION('center_axis',(0.,0.,1.));
#2825=DIRECTION('ref_axis',(-1.,0.,0.));
#2826=DIRECTION('center_axis',(0.,0.,-1.));
#2827=DIRECTION('ref_axis',(-1.,0.,0.));
#2828=DIRECTION('center_axis',(-0.951710256964119,0.306997698345265,0.));
#2829=DIRECTION('ref_axis',(0.306997698345265,0.951710256964119,0.));
#2830=DIRECTION('',(0.306997698345265,0.951710256964119,0.));
#2831=DIRECTION('',(0.,0.,-1.));
#2832=DIRECTION('',(0.306997698345265,0.951710256964119,0.));
#2833=DIRECTION('',(0.,0.,-1.));
#2834=DIRECTION('center_axis',(-0.326356418776724,-0.945246786782812,0.));
#2835=DIRECTION('ref_axis',(-0.945246786782812,0.326356418776724,0.));
#2836=DIRECTION('',(-0.945246786782812,0.326356418776724,0.));
#2837=DIRECTION('',(-0.945246786782812,0.326356418776724,0.));
#2838=DIRECTION('center_axis',(0.,0.,1.));
#2839=DIRECTION('ref_axis',(-1.,0.,0.));
#2840=DIRECTION('center_axis',(0.,0.,-1.));
#2841=DIRECTION('ref_axis',(-1.,0.,0.));
#2842=DIRECTION('center_axis',(0.467596465276064,0.883942048813909,0.));
#2843=DIRECTION('ref_axis',(0.883942048813909,-0.467596465276064,0.));
#2844=DIRECTION('',(0.883942048813909,-0.467596465276064,0.));
#2845=DIRECTION('',(0.,0.,-1.));
#2846=DIRECTION('',(0.883942048813909,-0.467596465276064,0.));
#2847=DIRECTION('',(0.,0.,-1.));
#2848=DIRECTION('center_axis',(-0.874215166743108,0.485538713426974,0.));
#2849=DIRECTION('ref_axis',(0.485538713426974,0.874215166743107,0.));
#2850=DIRECTION('',(0.485538713426974,0.874215166743107,0.));
#2851=DIRECTION('',(0.,0.,1.));
#2852=DIRECTION('',(0.485538713426974,0.874215166743107,0.));
#2853=DIRECTION('center_axis',(0.,0.,1.));
#2854=DIRECTION('ref_axis',(-1.,0.,0.));
#2855=DIRECTION('center_axis',(0.,0.,-1.));
#2856=DIRECTION('ref_axis',(-1.,0.,0.));
#2857=DIRECTION('center_axis',(-0.999314502384141,-0.0370206067580734,0.));
#2858=DIRECTION('ref_axis',(-0.0370206067580734,0.999314502384141,0.));
#2859=DIRECTION('',(-0.0370206067580734,0.999314502384141,0.));
#2860=DIRECTION('',(0.,0.,-1.));
#2861=DIRECTION('',(-0.0370206067580734,0.999314502384141,0.));
#2862=DIRECTION('',(0.,0.,-1.));
#2863=DIRECTION('center_axis',(0.0166187230229819,-0.999861899486667,0.));
#2864=DIRECTION('ref_axis',(-0.999861899486667,-0.0166187230229819,0.));
#2865=DIRECTION('',(-0.999861899486667,-0.0166187230229819,0.));
#2866=DIRECTION('',(0.,0.,1.));
#2867=DIRECTION('',(-0.999861899486667,-0.0166187230229819,0.));
#2868=DIRECTION('center_axis',(0.,0.,1.));
#2869=DIRECTION('ref_axis',(-1.,0.,0.));
#2870=DIRECTION('center_axis',(0.,0.,-1.));
#2871=DIRECTION('ref_axis',(-1.,0.,0.));
#2872=DIRECTION('center_axis',(0.999314502384142,0.0370206067580726,0.));
#2873=DIRECTION('ref_axis',(0.0370206067580726,-0.999314502384141,0.));
#2874=DIRECTION('',(0.0370206067580726,-0.999314502384141,0.));
#2875=DIRECTION('',(0.,0.,-1.));
#2876=DIRECTION('',(0.0370206067580726,-0.999314502384141,0.));
#2877=DIRECTION('',(0.,0.,-1.));
#2878=DIRECTION('center_axis',(-0.0166187230229816,0.999861899486667,0.));
#2879=DIRECTION('ref_axis',(0.999861899486667,0.0166187230229816,0.));
#2880=DIRECTION('',(0.999861899486667,0.0166187230229816,0.));
#2881=DIRECTION('',(0.,0.,1.));
#2882=DIRECTION('',(0.999861899486667,0.0166187230229816,0.));
#2883=DIRECTION('center_axis',(0.,0.,1.));
#2884=DIRECTION('ref_axis',(-1.,0.,0.));
#2885=DIRECTION('center_axis',(0.,0.,-1.));
#2886=DIRECTION('ref_axis',(-1.,0.,0.));
#2887=DIRECTION('center_axis',(0.,0.,1.));
#2888=DIRECTION('ref_axis',(-1.,0.,0.));
#2889=DIRECTION('center_axis',(0.,0.,1.));
#2890=DIRECTION('ref_axis',(-1.,0.,0.));
#2891=DIRECTION('center_axis',(0.,0.,1.));
#2892=DIRECTION('ref_axis',(-1.,0.,0.));
#2893=DIRECTION('center_axis',(0.,0.,1.));
#2894=DIRECTION('ref_axis',(-1.,0.,0.));
#2895=DIRECTION('center_axis',(0.,0.,1.));
#2896=DIRECTION('ref_axis',(-1.,0.,0.));
#2897=DIRECTION('center_axis',(0.,0.,1.));
#2898=DIRECTION('ref_axis',(-1.,0.,0.));
#2899=DIRECTION('center_axis',(0.,0.,1.));
#2900=DIRECTION('ref_axis',(-1.,0.,0.));
#2901=DIRECTION('center_axis',(0.,0.,1.));
#2902=DIRECTION('ref_axis',(-1.,0.,0.));
#2903=DIRECTION('center_axis',(0.,0.,1.));
#2904=DIRECTION('ref_axis',(-1.,0.,0.));
#2905=DIRECTION('center_axis',(0.,0.,1.));
#2906=DIRECTION('ref_axis',(-1.,0.,0.));
#2907=DIRECTION('center_axis',(0.,0.,1.));
#2908=DIRECTION('ref_axis',(-1.,0.,0.));
#2909=DIRECTION('center_axis',(0.,0.,1.));
#2910=DIRECTION('ref_axis',(-1.,0.,0.));
#2911=DIRECTION('center_axis',(0.,0.,1.));
#2912=DIRECTION('ref_axis',(-1.,0.,0.));
#2913=DIRECTION('center_axis',(0.,0.,1.));
#2914=DIRECTION('ref_axis',(-1.,0.,0.));
#2915=DIRECTION('center_axis',(0.,0.,1.));
#2916=DIRECTION('ref_axis',(-1.,0.,0.));
#2917=DIRECTION('center_axis',(0.,0.,1.));
#2918=DIRECTION('ref_axis',(-1.,0.,0.));
#2919=DIRECTION('center_axis',(0.,0.,1.));
#2920=DIRECTION('ref_axis',(-1.,0.,0.));
#2921=DIRECTION('',(0.,0.,-1.));
#2922=DIRECTION('center_axis',(0.,0.,-1.));
#2923=DIRECTION('ref_axis',(-1.,0.,0.));
#2924=DIRECTION('center_axis',(0.,0.,1.));
#2925=DIRECTION('ref_axis',(-1.,0.,0.));
#2926=DIRECTION('center_axis',(0.,0.,-1.));
#2927=DIRECTION('ref_axis',(-1.,0.,0.));
#2928=DIRECTION('',(0.,0.,-1.));
#2929=DIRECTION('center_axis',(0.,0.,-1.));
#2930=DIRECTION('ref_axis',(-1.,0.,0.));
#2931=DIRECTION('center_axis',(0.,0.,1.));
#2932=DIRECTION('ref_axis',(-1.,0.,0.));
#2933=DIRECTION('center_axis',(0.,0.,1.));
#2934=DIRECTION('ref_axis',(-1.,0.,0.));
#2935=DIRECTION('center_axis',(0.,0.,1.));
#2936=DIRECTION('ref_axis',(-1.,0.,0.));
#2937=DIRECTION('',(0.,0.,-1.));
#2938=DIRECTION('center_axis',(0.,0.,-1.));
#2939=DIRECTION('ref_axis',(-1.,0.,0.));
#2940=DIRECTION('center_axis',(0.,0.,-1.));
#2941=DIRECTION('ref_axis',(-1.,0.,0.));
#2942=DIRECTION('center_axis',(0.,0.,-1.));
#2943=DIRECTION('ref_axis',(-1.,0.,0.));
#2944=DIRECTION('center_axis',(0.,0.,1.));
#2945=DIRECTION('ref_axis',(-1.,0.,0.));
#2946=DIRECTION('center_axis',(0.,0.,1.));
#2947=DIRECTION('ref_axis',(-1.,0.,0.));
#2948=DIRECTION('',(-1.,0.,0.));
#2949=DIRECTION('center_axis',(0.,0.,1.));
#2950=DIRECTION('ref_axis',(-0.7806247497998,0.625,0.));
#2951=DIRECTION('',(1.,0.,0.));
#2952=DIRECTION('center_axis',(0.,0.,1.));
#2953=DIRECTION('ref_axis',(-1.,0.,0.));
#2954=DIRECTION('',(1.,0.,0.));
#2955=DIRECTION('center_axis',(0.,0.,1.));
#2956=DIRECTION('ref_axis',(0.780624749799799,-0.625,0.));
#2957=DIRECTION('',(-1.,0.,0.));
#2958=DIRECTION('center_axis',(0.,-1.,0.));
#2959=DIRECTION('ref_axis',(1.,0.,0.));
#2960=DIRECTION('',(-1.,0.,0.));
#2961=DIRECTION('',(0.,0.,1.));
#2962=DIRECTION('',(0.,0.,1.));
#2963=DIRECTION('center_axis',(0.,0.,1.));
#2964=DIRECTION('ref_axis',(-0.7806247497998,0.625,0.));
#2965=DIRECTION('center_axis',(0.,0.,1.));
#2966=DIRECTION('ref_axis',(-0.7806247497998,0.625,0.));
#2967=DIRECTION('',(0.,0.,1.));
#2968=DIRECTION('center_axis',(0.,1.,0.));
#2969=DIRECTION('ref_axis',(-1.,0.,0.));
#2970=DIRECTION('',(1.,0.,0.));
#2971=DIRECTION('',(0.,0.,1.));
#2972=DIRECTION('center_axis',(0.,0.,1.));
#2973=DIRECTION('ref_axis',(0.780624749799799,-0.625,0.));
#2974=DIRECTION('center_axis',(0.,0.,1.));
#2975=DIRECTION('ref_axis',(0.780624749799799,-0.625,0.));
#2976=DIRECTION('center_axis',(0.,0.,1.));
#2977=DIRECTION('ref_axis',(-1.,0.,0.));
#2978=DIRECTION('center_axis',(0.,0.,-1.));
#2979=DIRECTION('ref_axis',(-1.,0.,0.));
#2980=DIRECTION('',(0.258819045102521,3.16961915143176E-17,-0.965925826289068));
#2981=DIRECTION('center_axis',(0.,0.,1.));
#2982=DIRECTION('ref_axis',(-1.,0.,0.));
#2983=DIRECTION('center_axis',(0.,0.,1.));
#2984=DIRECTION('ref_axis',(1.,0.,0.));
#2985=DIRECTION('center_axis',(0.,0.,-1.));
#2986=DIRECTION('ref_axis',(-1.,0.,0.));
#2987=DIRECTION('center_axis',(0.,0.,1.));
#2988=DIRECTION('ref_axis',(-1.,0.,0.));
#2989=DIRECTION('center_axis',(0.,0.,1.));
#2990=DIRECTION('ref_axis',(-1.,0.,0.));
#2991=DIRECTION('',(0.258819045102521,3.16961915143176E-17,0.965925826289068));
#2992=DIRECTION('center_axis',(0.,0.,1.));
#2993=DIRECTION('ref_axis',(-1.,0.,0.));
#2994=DIRECTION('center_axis',(0.,0.,-1.));
#2995=DIRECTION('ref_axis',(-1.,0.,0.));
#2996=DIRECTION('',(0.258819045102521,3.16961915143176E-17,-0.965925826289068));
#2997=DIRECTION('center_axis',(0.,0.,1.));
#2998=DIRECTION('ref_axis',(-1.,0.,0.));
#2999=DIRECTION('center_axis',(0.,0.,1.));
#3000=DIRECTION('ref_axis',(1.,0.,0.));
#3001=DIRECTION('center_axis',(0.,0.,-1.));
#3002=DIRECTION('ref_axis',(-1.,0.,0.));
#3003=DIRECTION('center_axis',(0.,0.,1.));
#3004=DIRECTION('ref_axis',(-1.,0.,0.));
#3005=DIRECTION('center_axis',(0.,0.,1.));
#3006=DIRECTION('ref_axis',(-1.,0.,0.));
#3007=DIRECTION('',(0.258819045102521,3.16961915143176E-17,0.965925826289068));
#3008=DIRECTION('center_axis',(0.,0.,1.));
#3009=DIRECTION('ref_axis',(-1.,0.,0.));
#3010=DIRECTION('center_axis',(0.,0.,-1.));
#3011=DIRECTION('ref_axis',(-1.,0.,0.));
#3012=DIRECTION('',(0.258819045102521,3.16961915143176E-17,-0.965925826289068));
#3013=DIRECTION('center_axis',(0.,0.,1.));
#3014=DIRECTION('ref_axis',(-1.,0.,0.));
#3015=DIRECTION('center_axis',(0.,0.,1.));
#3016=DIRECTION('ref_axis',(1.,0.,0.));
#3017=DIRECTION('center_axis',(0.,0.,-1.));
#3018=DIRECTION('ref_axis',(-1.,0.,0.));
#3019=DIRECTION('center_axis',(0.,0.,1.));
#3020=DIRECTION('ref_axis',(-1.,0.,0.));
#3021=DIRECTION('center_axis',(0.,0.,1.));
#3022=DIRECTION('ref_axis',(-1.,0.,0.));
#3023=DIRECTION('',(0.258819045102521,3.16961915143176E-17,0.965925826289068));
#3024=DIRECTION('center_axis',(0.,0.,1.));
#3025=DIRECTION('ref_axis',(-1.,0.,0.));
#3026=CARTESIAN_POINT('',(0.,0.,0.));
#3027=CARTESIAN_POINT('Origin',(0.,0.,0.));
#3028=CARTESIAN_POINT('',(-8.,-9.79717439317883E-16,6.));
#3029=CARTESIAN_POINT('Origin',(0.,0.,6.));
#3030=CARTESIAN_POINT('',(-8.,-9.79717439317883E-16,0.));
#3031=CARTESIAN_POINT('',(-8.,-9.79717439317883E-16,0.));
#3032=CARTESIAN_POINT('Origin',(0.,0.,0.));
#3033=CARTESIAN_POINT('Origin',(0.,0.,6.));
#3034=CARTESIAN_POINT('Origin',(0.,0.,0.));
#3035=CARTESIAN_POINT('Origin',(5.,-8.5,6.));
#3036=CARTESIAN_POINT('',(5.5,-8.5,7.));
#3037=CARTESIAN_POINT('Origin',(5.,-8.5,7.));
#3038=CARTESIAN_POINT('',(5.5,-8.5,6.));
#3039=CARTESIAN_POINT('',(5.5,-8.5,6.));
#3040=CARTESIAN_POINT('Origin',(5.,-8.5,6.));
#3041=CARTESIAN_POINT('Origin',(0.,-8.5,6.));
#3042=CARTESIAN_POINT('',(0.5,-8.5,7.));
#3043=CARTESIAN_POINT('Origin',(0.,-8.5,7.));
#3044=CARTESIAN_POINT('',(0.5,-8.5,6.));
#3045=CARTESIAN_POINT('',(0.5,-8.5,6.));
#3046=CARTESIAN_POINT('Origin',(0.,-8.5,6.));
#3047=CARTESIAN_POINT('Origin',(-5.,-8.5,6.));
#3048=CARTESIAN_POINT('',(-4.5,-8.5,7.));
#3049=CARTESIAN_POINT('Origin',(-5.,-8.5,7.));
#3050=CARTESIAN_POINT('',(-4.5,-8.5,6.));
#3051=CARTESIAN_POINT('',(-4.5,-8.5,6.));
#3052=CARTESIAN_POINT('Origin',(-5.,-8.5,6.));
#3053=CARTESIAN_POINT('Origin',(7.5,-11.5,6.));
#3054=CARTESIAN_POINT('',(7.5,-11.5,6.));
#3055=CARTESIAN_POINT('',(7.5,-4.,6.));
#3056=CARTESIAN_POINT('',(7.5,-11.5,6.));
#3057=CARTESIAN_POINT('',(7.5,-4.,7.));
#3058=CARTESIAN_POINT('',(7.5,-4.,6.));
#3059=CARTESIAN_POINT('',(7.5,-11.5,7.));
#3060=CARTESIAN_POINT('',(7.5,-11.5,7.));
#3061=CARTESIAN_POINT('',(7.5,-11.5,6.));
#3062=CARTESIAN_POINT('Origin',(-7.5,-11.5,6.));
#3063=CARTESIAN_POINT('',(-7.5,-11.5,6.));
#3064=CARTESIAN_POINT('',(-7.5,-11.5,6.));
#3065=CARTESIAN_POINT('',(-7.5,-11.5,7.));
#3066=CARTESIAN_POINT('',(-7.5,-11.5,7.));
#3067=CARTESIAN_POINT('',(-7.5,-11.5,6.));
#3068=CARTESIAN_POINT('Origin',(-7.5,-4.,6.));
#3069=CARTESIAN_POINT('',(-7.5,-4.,6.));
#3070=CARTESIAN_POINT('',(-7.5,-4.,6.));
#3071=CARTESIAN_POINT('',(-7.5,-4.,7.));
#3072=CARTESIAN_POINT('',(-7.5,-4.,7.));
#3073=CARTESIAN_POINT('',(-7.5,-4.,6.));
#3074=CARTESIAN_POINT('Origin',(0.,0.,6.));
#3075=CARTESIAN_POINT('Origin',(0.,0.,6.));
#3076=CARTESIAN_POINT('Origin',(0.,0.,7.));
#3077=CARTESIAN_POINT('Origin',(1.11022302462516E-15,-1.5,7.));
#3078=CARTESIAN_POINT('Origin',(1.11022302462516E-15,-1.5,6.));
#3079=CARTESIAN_POINT('Origin',(-5.,-8.5,6.));
#3080=CARTESIAN_POINT('',(-5.5,-8.5,5.7));
#3081=CARTESIAN_POINT('Origin',(-5.,-8.5,5.7));
#3082=CARTESIAN_POINT('',(-5.5,-8.5,6.));
#3083=CARTESIAN_POINT('',(-5.5,-8.5,6.));
#3084=CARTESIAN_POINT('Origin',(-5.,-8.5,6.));
#3085=CARTESIAN_POINT('Origin',(-6.49997111593852,-12.5093032664903,6.));
#3086=CARTESIAN_POINT('',(-6.49997111593852,-8.50930326649031,6.));
#3087=CARTESIAN_POINT('',(-6.49997111593852,-12.5093032664903,6.));
#3088=CARTESIAN_POINT('',(-6.49997111593852,-8.50930326649031,6.));
#3089=CARTESIAN_POINT('',(-6.49997111593852,-8.50930326649031,5.7));
#3090=CARTESIAN_POINT('',(-6.49997111593852,-8.50930326649031,6.));
#3091=CARTESIAN_POINT('',(-6.49997111593852,-12.5093032664903,5.7));
#3092=CARTESIAN_POINT('',(-6.49997111593852,-8.50930326649031,5.7));
#3093=CARTESIAN_POINT('',(-6.49997111593852,-12.5093032664903,6.));
#3094=CARTESIAN_POINT('Origin',(-5.49997111593852,-12.5093032664903,6.));
#3095=CARTESIAN_POINT('',(-5.49997111593852,-12.5093032664903,6.));
#3096=CARTESIAN_POINT('',(-6.49997111593852,-12.5093032664903,6.));
#3097=CARTESIAN_POINT('',(-5.49997111593852,-12.5093032664903,5.7));
#3098=CARTESIAN_POINT('',(-6.49997111593852,-12.5093032664903,5.7));
#3099=CARTESIAN_POINT('',(-5.49997111593852,-12.5093032664903,6.));
#3100=CARTESIAN_POINT('Origin',(-5.49997111593853,-16.5093032664903,6.));
#3101=CARTESIAN_POINT('',(-5.49997111593853,-16.5093032664903,6.));
#3102=CARTESIAN_POINT('',(-5.49997111593852,-12.5093032664903,6.));
#3103=CARTESIAN_POINT('',(-5.49997111593853,-16.5093032664903,5.7));
#3104=CARTESIAN_POINT('',(-5.49997111593852,-12.5093032664903,5.7));
#3105=CARTESIAN_POINT('',(-5.49997111593853,-16.5093032664903,6.));
#3106=CARTESIAN_POINT('Origin',(-4.49997111593853,-16.5093032664903,6.));
#3107=CARTESIAN_POINT('',(-4.49997111593853,-16.5093032664903,6.));
#3108=CARTESIAN_POINT('',(-5.49997111593853,-16.5093032664903,6.));
#3109=CARTESIAN_POINT('',(-4.49997111593853,-16.5093032664903,5.7));
#3110=CARTESIAN_POINT('',(-5.49997111593853,-16.5093032664903,5.7));
#3111=CARTESIAN_POINT('',(-4.49997111593853,-16.5093032664903,6.));
#3112=CARTESIAN_POINT('Origin',(-4.49997111593852,-12.5093032664903,6.));
#3113=CARTESIAN_POINT('',(-4.49997111593852,-12.5093032664903,6.));
#3114=CARTESIAN_POINT('',(-4.49997111593853,-16.5093032664903,6.));
#3115=CARTESIAN_POINT('',(-4.49997111593852,-12.5093032664903,5.7));
#3116=CARTESIAN_POINT('',(-4.49997111593853,-16.5093032664903,5.7));
#3117=CARTESIAN_POINT('',(-4.49997111593852,-12.5093032664903,6.));
#3118=CARTESIAN_POINT('Origin',(-3.49997111593852,-12.5093032664903,6.));
#3119=CARTESIAN_POINT('',(-3.49997111593852,-12.5093032664903,6.));
#3120=CARTESIAN_POINT('',(-3.49997111593852,-12.5093032664903,6.));
#3121=CARTESIAN_POINT('',(-3.49997111593852,-12.5093032664903,5.7));
#3122=CARTESIAN_POINT('',(-3.49997111593852,-12.5093032664903,5.7));
#3123=CARTESIAN_POINT('',(-3.49997111593852,-12.5093032664903,6.));
#3124=CARTESIAN_POINT('Origin',(-3.50000003357006,-8.49998918107921,6.));
#3125=CARTESIAN_POINT('',(-3.50000003357006,-8.49998918107921,6.));
#3126=CARTESIAN_POINT('',(-3.49997111593852,-12.5093032664903,6.));
#3127=CARTESIAN_POINT('',(-3.50000003357006,-8.49998918107921,5.7));
#3128=CARTESIAN_POINT('',(-3.49997111593852,-12.5093032664903,5.7));
#3129=CARTESIAN_POINT('',(-3.50000003357006,-8.49998918107921,6.));
#3130=CARTESIAN_POINT('Origin',(-5.,-8.5,6.));
#3131=CARTESIAN_POINT('Origin',(-5.,-8.5,6.));
#3132=CARTESIAN_POINT('Origin',(-5.,-8.5,5.7));
#3133=CARTESIAN_POINT('Origin',(-4.99998554120546,-11.754651650009,5.7));
#3134=CARTESIAN_POINT('Origin',(-4.99998554120546,-11.754651650009,6.));
#3135=CARTESIAN_POINT('Origin',(0.,-8.5,6.));
#3136=CARTESIAN_POINT('',(-0.5,-8.5,5.7));
#3137=CARTESIAN_POINT('Origin',(0.,-8.5,5.7));
#3138=CARTESIAN_POINT('',(-0.5,-8.5,6.));
#3139=CARTESIAN_POINT('',(-0.5,-8.5,6.));
#3140=CARTESIAN_POINT('Origin',(0.,-8.5,6.));
#3141=CARTESIAN_POINT('Origin',(-1.50000000000001,-12.5,6.));
#3142=CARTESIAN_POINT('',(-1.5,-8.5,6.));
#3143=CARTESIAN_POINT('',(-1.50000000000001,-12.5,6.));
#3144=CARTESIAN_POINT('',(-1.5,-8.5,6.));
#3145=CARTESIAN_POINT('',(-1.5,-8.5,5.7));
#3146=CARTESIAN_POINT('',(-1.5,-8.5,6.));
#3147=CARTESIAN_POINT('',(-1.50000000000001,-12.5,5.7));
#3148=CARTESIAN_POINT('',(-1.5,-8.5,5.7));
#3149=CARTESIAN_POINT('',(-1.50000000000001,-12.5,6.));
#3150=CARTESIAN_POINT('Origin',(-0.500000033527642,-12.5000000000005,6.));
#3151=CARTESIAN_POINT('',(-0.500000033527642,-12.5000000000005,6.));
#3152=CARTESIAN_POINT('',(-1.50000000000001,-12.5,6.));
#3153=CARTESIAN_POINT('',(-0.500000033527642,-12.5000000000005,5.7));
#3154=CARTESIAN_POINT('',(-1.50000000000001,-12.5,5.7));
#3155=CARTESIAN_POINT('',(-0.500000033527642,-12.5000000000005,6.));
#3156=CARTESIAN_POINT('Origin',(-0.500000033527607,-16.5000000000005,6.));
#3157=CARTESIAN_POINT('',(-0.500000033527607,-16.5000000000005,6.));
#3158=CARTESIAN_POINT('',(-0.500000033527642,-12.5000000000005,6.));
#3159=CARTESIAN_POINT('',(-0.500000033527607,-16.5000000000005,5.7));
#3160=CARTESIAN_POINT('',(-0.500000033527642,-12.5000000000005,5.7));
#3161=CARTESIAN_POINT('',(-0.500000033527607,-16.5000000000005,6.));
#3162=CARTESIAN_POINT('Origin',(0.499999966472393,-16.5000000000005,6.));
#3163=CARTESIAN_POINT('',(0.499999966472393,-16.5000000000005,6.));
#3164=CARTESIAN_POINT('',(-0.500000033527607,-16.5000000000005,6.));
#3165=CARTESIAN_POINT('',(0.499999966472394,-16.5000000000005,5.7));
#3166=CARTESIAN_POINT('',(-0.500000033527607,-16.5000000000005,5.7));
#3167=CARTESIAN_POINT('',(0.499999966472393,-16.5000000000005,6.));
#3168=CARTESIAN_POINT('Origin',(0.499999966472398,-12.5000000000005,6.));
#3169=CARTESIAN_POINT('',(0.499999966472398,-12.5000000000005,6.));
#3170=CARTESIAN_POINT('',(0.499999966472393,-16.5000000000005,6.));
#3171=CARTESIAN_POINT('',(0.499999966472398,-12.5000000000005,5.7));
#3172=CARTESIAN_POINT('',(0.499999966472393,-16.5000000000005,5.7));
#3173=CARTESIAN_POINT('',(0.499999966472398,-12.5000000000005,6.));
#3174=CARTESIAN_POINT('Origin',(1.4999999664724,-12.5000000000005,6.));
#3175=CARTESIAN_POINT('',(1.4999999664724,-12.5000000000005,6.));
#3176=CARTESIAN_POINT('',(0.499999966472398,-12.5000000000005,6.));
#3177=CARTESIAN_POINT('',(1.4999999664724,-12.5000000000005,5.7));
#3178=CARTESIAN_POINT('',(0.499999966472398,-12.5000000000005,5.7));
#3179=CARTESIAN_POINT('',(1.4999999664724,-12.5000000000005,6.));
#3180=CARTESIAN_POINT('Origin',(1.4999999664724,-8.5,6.));
#3181=CARTESIAN_POINT('',(1.4999999664724,-8.5,6.));
#3182=CARTESIAN_POINT('',(1.4999999664724,-12.5000000000005,6.));
#3183=CARTESIAN_POINT('',(1.4999999664724,-8.5,5.7));
#3184=CARTESIAN_POINT('',(1.4999999664724,-12.5000000000005,5.7));
#3185=CARTESIAN_POINT('',(1.4999999664724,-8.5,6.));
#3186=CARTESIAN_POINT('Origin',(0.,-8.5,6.));
#3187=CARTESIAN_POINT('Origin',(0.,-8.5,6.));
#3188=CARTESIAN_POINT('Origin',(0.,-8.5,5.7));
#3189=CARTESIAN_POINT('Origin',(-2.4980018054066E-15,-11.7500000000002,
5.7));
#3190=CARTESIAN_POINT('Origin',(-2.4980018054066E-15,-11.7500000000002,
6.));
#3191=CARTESIAN_POINT('Origin',(5.,-8.5,6.));
#3192=CARTESIAN_POINT('',(4.5,-8.5,5.7));
#3193=CARTESIAN_POINT('Origin',(5.,-8.5,5.7));
#3194=CARTESIAN_POINT('',(4.5,-8.5,6.));
#3195=CARTESIAN_POINT('',(4.5,-8.5,6.));
#3196=CARTESIAN_POINT('Origin',(5.,-8.5,6.));
#3197=CARTESIAN_POINT('Origin',(4.5000000335276,-12.5000000000005,6.));
#3198=CARTESIAN_POINT('',(3.5000000335276,-12.5000000000005,6.));
#3199=CARTESIAN_POINT('',(4.5000000335276,-12.5000000000005,6.));
#3200=CARTESIAN_POINT('',(3.5000000335276,-12.5000000000005,6.));
#3201=CARTESIAN_POINT('',(3.5000000335276,-12.5000000000005,5.7));
#3202=CARTESIAN_POINT('',(3.5000000335276,-12.5000000000005,6.));
#3203=CARTESIAN_POINT('',(4.5000000335276,-12.5000000000005,5.7));
#3204=CARTESIAN_POINT('',(3.5000000335276,-12.5000000000005,5.7));
#3205=CARTESIAN_POINT('',(4.5000000335276,-12.5000000000005,6.));
#3206=CARTESIAN_POINT('Origin',(4.5000000335276,-16.5000000000005,6.));
#3207=CARTESIAN_POINT('',(4.5000000335276,-16.5000000000005,6.));
#3208=CARTESIAN_POINT('',(4.5000000335276,-12.5000000000005,6.));
#3209=CARTESIAN_POINT('',(4.5000000335276,-16.5000000000005,5.7));
#3210=CARTESIAN_POINT('',(4.5000000335276,-12.5000000000005,5.7));
#3211=CARTESIAN_POINT('',(4.5000000335276,-16.5000000000005,6.));
#3212=CARTESIAN_POINT('Origin',(5.5000000335276,-16.5000000000005,6.));
#3213=CARTESIAN_POINT('',(5.5000000335276,-16.5000000000005,6.));
#3214=CARTESIAN_POINT('',(4.5000000335276,-16.5000000000005,6.));
#3215=CARTESIAN_POINT('',(5.5000000335276,-16.5000000000005,5.7));
#3216=CARTESIAN_POINT('',(4.5000000335276,-16.5000000000005,5.7));
#3217=CARTESIAN_POINT('',(5.5000000335276,-16.5000000000005,6.));
#3218=CARTESIAN_POINT('Origin',(5.50000003352761,-12.5000000000005,6.));
#3219=CARTESIAN_POINT('',(5.50000003352761,-12.5000000000005,6.));
#3220=CARTESIAN_POINT('',(5.5000000335276,-16.5000000000005,6.));
#3221=CARTESIAN_POINT('',(5.50000003352761,-12.5000000000005,5.7));
#3222=CARTESIAN_POINT('',(5.5000000335276,-16.5000000000005,5.7));
#3223=CARTESIAN_POINT('',(5.50000003352761,-12.5000000000005,6.));
#3224=CARTESIAN_POINT('Origin',(6.4999999692375,-12.5000000000005,6.));
#3225=CARTESIAN_POINT('',(6.4999999692375,-12.5000000000005,6.));
#3226=CARTESIAN_POINT('',(5.50000003352761,-12.5000000000005,6.));
#3227=CARTESIAN_POINT('',(6.4999999692375,-12.5000000000005,5.7));
#3228=CARTESIAN_POINT('',(5.50000003352761,-12.5000000000005,5.7));
#3229=CARTESIAN_POINT('',(6.4999999692375,-12.5000000000005,6.));
#3230=CARTESIAN_POINT('Origin',(6.4999999664724,-8.5,6.));
#3231=CARTESIAN_POINT('',(6.4999999664724,-8.49999999999953,6.));
#3232=CARTESIAN_POINT('',(6.50000003352761,-12.5000000000005,6.));
#3233=CARTESIAN_POINT('',(6.4999999664724,-8.49999999999953,5.7));
#3234=CARTESIAN_POINT('',(6.50000003352761,-12.5000000000005,5.7));
#3235=CARTESIAN_POINT('',(6.4999999664724,-8.49999999999953,6.));
#3236=CARTESIAN_POINT('Origin',(5.,-8.5,6.));
#3237=CARTESIAN_POINT('',(3.5000000335276,-8.50000000000046,6.));
#3238=CARTESIAN_POINT('Origin',(5.,-8.5,6.));
#3239=CARTESIAN_POINT('',(3.5000000335276,-8.50000000000046,5.7));
#3240=CARTESIAN_POINT('Origin',(5.,-8.5,5.7));
#3241=CARTESIAN_POINT('',(3.5000000335276,-8.50000000000046,6.));
#3242=CARTESIAN_POINT('Origin',(3.5000000335276,-12.5000000000005,6.));
#3243=CARTESIAN_POINT('',(3.5000000335276,-8.50000000000046,6.));
#3244=CARTESIAN_POINT('',(3.5000000335276,-8.50000000000046,5.7));
#3245=CARTESIAN_POINT('Origin',(5.00000003352761,-11.750000016764,5.7));
#3246=CARTESIAN_POINT('Origin',(5.00000003352761,-11.750000016764,6.));
#3247=CARTESIAN_POINT('Origin',(-0.149089075010101,-2.46363493612076,22.6));
#3248=CARTESIAN_POINT('',(-0.149089075010101,-2.46363493612076,22.6));
#3249=CARTESIAN_POINT('',(0.320405412270257,-2.98284099002745,22.6));
#3250=CARTESIAN_POINT('',(-0.728357924598453,-1.82303126196891,22.6));
#3251=CARTESIAN_POINT('',(-0.149089075010101,-2.46363493612076,15.6));
#3252=CARTESIAN_POINT('',(-0.149089075010101,-2.46363493612076,22.6));
#3253=CARTESIAN_POINT('',(0.320405412270257,-2.98284099002745,15.6));
#3254=CARTESIAN_POINT('',(-0.149089075010101,-2.46363493612076,15.6));
#3255=CARTESIAN_POINT('',(0.320405412270257,-2.98284099002745,14.6));
#3256=CARTESIAN_POINT('Origin',(-0.677768514928214,-2.92243560068858,22.6));
#3257=CARTESIAN_POINT('',(-0.677768514928216,-2.92243560068858,22.6));
#3258=CARTESIAN_POINT('',(0.238863275032305,-2.12696060649737,22.6));
#3259=CARTESIAN_POINT('',(-0.677768514928216,-2.92243560068858,15.6));
#3260=CARTESIAN_POINT('',(-0.677768514928214,-2.92243560068858,14.6));
#3261=CARTESIAN_POINT('',(-0.149089075010101,-2.46363493612076,15.6));
#3262=CARTESIAN_POINT('Origin',(-0.178681551328979,-2.73181746806038,15.6));
#3263=CARTESIAN_POINT('Origin',(0.,0.,15.6));
#3264=CARTESIAN_POINT('Origin',(-2.20811497783648,-1.10270254167491,22.6));
#3265=CARTESIAN_POINT('',(-2.20811497783648,-1.10270254167491,22.6));
#3266=CARTESIAN_POINT('',(-2.42301336667817,-1.76889972154979,22.6));
#3267=CARTESIAN_POINT('',(-1.94297034705751,-0.280739165234485,22.6));
#3268=CARTESIAN_POINT('',(-2.20811497783648,-1.10270254167491,15.6));
#3269=CARTESIAN_POINT('',(-2.20811497783648,-1.10270254167491,22.6));
#3270=CARTESIAN_POINT('',(-2.42301336667817,-1.76889972154979,15.6));
#3271=CARTESIAN_POINT('',(-2.20811497783648,-1.10270254167491,15.6));
#3272=CARTESIAN_POINT('',(-2.42301336667817,-1.76889972154979,14.6));
#3273=CARTESIAN_POINT('Origin',(-2.86978772858445,-0.874253048531201,22.6));
#3274=CARTESIAN_POINT('',(-2.86978772858445,-0.874253048531201,22.6));
#3275=CARTESIAN_POINT('',(-1.72257028055933,-1.27034196745781,22.6));
#3276=CARTESIAN_POINT('',(-2.86978772858445,-0.874253048531201,15.6));
#3277=CARTESIAN_POINT('',(-2.86978772858445,-0.874253048531201,14.6));
#3278=CARTESIAN_POINT('',(-2.20811497783648,-1.10270254167491,15.6));
#3279=CARTESIAN_POINT('Origin',(-2.53895135321047,-1.3215763850405,15.6));
#3280=CARTESIAN_POINT('Origin',(0.,0.,15.6));
#3281=CARTESIAN_POINT('Origin',(-0.702514870327358,2.36605103658629,22.6));
#3282=CARTESIAN_POINT('',(-0.702514870327358,2.36605103658629,22.6));
#3283=CARTESIAN_POINT('',(-1.3212743044971,2.69336856227953,22.6));
#3284=CARTESIAN_POINT('',(0.0609191535303231,1.96220210609776,22.6));
#3285=CARTESIAN_POINT('',(-0.702514870327358,2.36605103658629,15.6));
#3286=CARTESIAN_POINT('',(-0.702514870327358,2.36605103658629,22.6));
#3287=CARTESIAN_POINT('',(-1.3212743044971,2.69336856227953,15.6));
#3288=CARTESIAN_POINT('',(-0.702514870327358,2.36605103658629,15.6));
#3289=CARTESIAN_POINT('',(-1.3212743044971,2.69336856227953,14.6));
#3290=CARTESIAN_POINT('Origin',(-0.362637770928477,2.97800165330646,22.6));
#3291=CARTESIAN_POINT('',(-0.362637770928477,2.97800165330646,22.6));
#3292=CARTESIAN_POINT('',(-0.951921428406892,1.91699313506611,22.6));
#3293=CARTESIAN_POINT('',(-0.362637770928477,2.97800165330646,15.6));
#3294=CARTESIAN_POINT('',(-0.362637770928477,2.97800165330646,14.6));
#3295=CARTESIAN_POINT('',(-0.702514870327358,2.36605103658629,15.6));
#3296=CARTESIAN_POINT('Origin',(-0.841956037712786,2.67202634494638,15.6));
#3297=CARTESIAN_POINT('Origin',(0.,0.,15.6));
#3298=CARTESIAN_POINT('Origin',(-0.982710677580936,-2.26406810297979,22.6));
#3299=CARTESIAN_POINT('',(-0.982710677580936,-2.26406810297979,22.6));
#3300=CARTESIAN_POINT('',(-0.71910910135664,-2.91253877233352,22.6));
#3301=CARTESIAN_POINT('',(-1.30794598054189,-1.46397594257066,22.6));
#3302=CARTESIAN_POINT('',(-0.982710677580936,-2.26406810297979,15.6));
#3303=CARTESIAN_POINT('',(-0.982710677580936,-2.26406810297979,22.6));
#3304=CARTESIAN_POINT('',(-0.71910910135664,-2.91253877233352,15.6));
#3305=CARTESIAN_POINT('',(-0.982710677580936,-2.26406810297979,15.6));
#3306=CARTESIAN_POINT('',(-0.71910910135664,-2.91253877233352,14.6));
#3307=CARTESIAN_POINT('Origin',(-1.63642591508661,-2.51438068407172,22.6));
#3308=CARTESIAN_POINT('',(-1.63642591508661,-2.51438068407172,22.6));
#3309=CARTESIAN_POINT('',(-0.503005314557668,-2.08038523818968,22.6));
#3310=CARTESIAN_POINT('',(-1.63642591508661,-2.51438068407172,15.6));
#3311=CARTESIAN_POINT('',(-1.63642591508661,-2.51438068407172,14.6));
#3312=CARTESIAN_POINT('',(-0.982710677580936,-2.26406810297979,15.6));
#3313=CARTESIAN_POINT('Origin',(-1.17776750822163,-2.58830343765666,15.6));
#3314=CARTESIAN_POINT('Origin',(0.,0.,15.6));
#3315=CARTESIAN_POINT('Origin',(1.46938515428808,-1.98308646284521,22.6));
#3316=CARTESIAN_POINT('',(1.46938515428808,-1.98308646284521,22.6));
#3317=CARTESIAN_POINT('',(2.16277801566965,-2.07903613603421,22.6));
#3318=CARTESIAN_POINT('',(0.613867366524516,-1.86470241721235,22.6));
#3319=CARTESIAN_POINT('',(1.46938515428808,-1.98308646284521,15.6));
#3320=CARTESIAN_POINT('',(1.46938515428808,-1.98308646284521,22.6));
#3321=CARTESIAN_POINT('',(2.16277801566965,-2.07903613603421,15.6));
#3322=CARTESIAN_POINT('',(1.46938515428808,-1.98308646284521,15.6));
#3323=CARTESIAN_POINT('',(2.16277801566965,-2.07903613603421,14.6));
#3324=CARTESIAN_POINT('Origin',(1.3593045896477,-2.67437675591206,22.6));
#3325=CARTESIAN_POINT('',(1.35930458964769,-2.67437675591206,22.6));
#3326=CARTESIAN_POINT('',(1.55016380865157,-1.47580799974037,22.6));
#3327=CARTESIAN_POINT('',(1.35930458964769,-2.67437675591206,15.6));
#3328=CARTESIAN_POINT('',(1.3593045896477,-2.67437675591206,14.6));
#3329=CARTESIAN_POINT('',(1.46938515428808,-1.98308646284521,15.6));
#3330=CARTESIAN_POINT('Origin',(1.76104130265867,-2.32873160937863,15.6));
#3331=CARTESIAN_POINT('Origin',(0.,0.,15.6));
#3332=CARTESIAN_POINT('Origin',(0.149089075010101,2.46363493612076,22.6));
#3333=CARTESIAN_POINT('',(0.149089075010101,2.46363493612076,22.6));
#3334=CARTESIAN_POINT('',(-0.320405412270257,2.98284099002745,22.6));
#3335=CARTESIAN_POINT('',(0.728357924598453,1.82303126196891,22.6));
#3336=CARTESIAN_POINT('',(0.149089075010101,2.46363493612076,15.6));
#3337=CARTESIAN_POINT('',(0.149089075010101,2.46363493612076,22.6));
#3338=CARTESIAN_POINT('',(-0.320405412270257,2.98284099002745,15.6));
#3339=CARTESIAN_POINT('',(0.149089075010101,2.46363493612076,15.6));
#3340=CARTESIAN_POINT('',(-0.320405412270257,2.98284099002745,14.6));
#3341=CARTESIAN_POINT('Origin',(0.677768514928215,2.92243560068858,22.6));
#3342=CARTESIAN_POINT('',(0.677768514928215,2.92243560068858,22.6));
#3343=CARTESIAN_POINT('',(-0.238863275032305,2.12696060649737,22.6));
#3344=CARTESIAN_POINT('',(0.677768514928215,2.92243560068858,15.6));
#3345=CARTESIAN_POINT('',(0.677768514928215,2.92243560068858,14.6));
#3346=CARTESIAN_POINT('',(0.149089075010101,2.46363493612076,15.6));
#3347=CARTESIAN_POINT('Origin',(0.178681551328979,2.73181746806038,15.6));
#3348=CARTESIAN_POINT('Origin',(0.,0.,15.6));
#3349=CARTESIAN_POINT('Origin',(-1.46938515428808,1.98308646284521,22.6));
#3350=CARTESIAN_POINT('',(-1.46938515428808,1.98308646284521,22.6));
#3351=CARTESIAN_POINT('',(-2.16277801566965,2.07903613603421,22.6));
#3352=CARTESIAN_POINT('',(-0.613867366524516,1.86470241721235,22.6));
#3353=CARTESIAN_POINT('',(-1.46938515428808,1.98308646284521,15.6));
#3354=CARTESIAN_POINT('',(-1.46938515428808,1.98308646284521,22.6));
#3355=CARTESIAN_POINT('',(-2.16277801566965,2.07903613603421,15.6));
#3356=CARTESIAN_POINT('',(-1.46938515428808,1.98308646284521,15.6));
#3357=CARTESIAN_POINT('',(-2.16277801566965,2.07903613603421,14.6));
#3358=CARTESIAN_POINT('Origin',(-1.35930458964769,2.67437675591206,22.6));
#3359=CARTESIAN_POINT('',(-1.35930458964769,2.67437675591206,22.6));
#3360=CARTESIAN_POINT('',(-1.55016380865157,1.47580799974037,22.6));
#3361=CARTESIAN_POINT('',(-1.35930458964769,2.67437675591206,15.6));
#3362=CARTESIAN_POINT('',(-1.35930458964769,2.67437675591206,14.6));
#3363=CARTESIAN_POINT('',(-1.46938515428808,1.98308646284521,15.6));
#3364=CARTESIAN_POINT('Origin',(-1.76104130265867,2.32873160937863,15.6));
#3365=CARTESIAN_POINT('Origin',(0.,0.,15.6));
#3366=CARTESIAN_POINT('Origin',(0.982710677580936,2.2640681029798,22.6));
#3367=CARTESIAN_POINT('',(0.982710677580936,2.2640681029798,22.6));
#3368=CARTESIAN_POINT('',(0.71910910135664,2.91253877233352,22.6));
#3369=CARTESIAN_POINT('',(1.30794598054189,1.46397594257066,22.6));
#3370=CARTESIAN_POINT('',(0.982710677580936,2.2640681029798,15.6));
#3371=CARTESIAN_POINT('',(0.982710677580936,2.2640681029798,22.6));
#3372=CARTESIAN_POINT('',(0.71910910135664,2.91253877233352,15.6));
#3373=CARTESIAN_POINT('',(0.982710677580936,2.2640681029798,15.6));
#3374=CARTESIAN_POINT('',(0.719109101356641,2.91253877233352,14.6));
#3375=CARTESIAN_POINT('Origin',(1.63642591508661,2.51438068407172,22.6));
#3376=CARTESIAN_POINT('',(1.63642591508661,2.51438068407172,22.6));
#3377=CARTESIAN_POINT('',(0.503005314557669,2.08038523818968,22.6));
#3378=CARTESIAN_POINT('',(1.63642591508661,2.51438068407172,15.6));
#3379=CARTESIAN_POINT('',(1.63642591508661,2.51438068407172,14.6));
#3380=CARTESIAN_POINT('',(0.982710677580936,2.2640681029798,15.6));
#3381=CARTESIAN_POINT('Origin',(1.17776750822163,2.58830343765666,15.6));
#3382=CARTESIAN_POINT('Origin',(0.,0.,15.6));
#3383=CARTESIAN_POINT('Origin',(-2.05902590282638,1.36093239444585,22.6));
#3384=CARTESIAN_POINT('',(-2.05902590282638,1.36093239444585,22.6));
#3385=CARTESIAN_POINT('',(-2.74341877894842,1.21394126847766,22.6));
#3386=CARTESIAN_POINT('',(-1.21461242245906,1.54229209673443,22.6));
#3387=CARTESIAN_POINT('',(-2.05902590282638,1.36093239444585,15.6));
#3388=CARTESIAN_POINT('',(-2.05902590282638,1.36093239444585,22.6));
#3389=CARTESIAN_POINT('',(-2.74341877894842,1.21394126847766,15.6));
#3390=CARTESIAN_POINT('',(-2.05902590282638,1.36093239444585,15.6));
#3391=CARTESIAN_POINT('',(-2.74341877894842,1.21394126847766,14.6));
#3392=CARTESIAN_POINT('Origin',(-2.19201921365624,2.04818255215737,22.6));
#3393=CARTESIAN_POINT('',(-2.19201921365624,2.04818255215738,22.6));
#3394=CARTESIAN_POINT('',(-1.96143355559163,0.856618639039558,22.6));
#3395=CARTESIAN_POINT('',(-2.19201921365624,2.04818255215738,15.6));
#3396=CARTESIAN_POINT('',(-2.19201921365624,2.04818255215738,14.6));
#3397=CARTESIAN_POINT('',(-2.05902590282638,1.36093239444585,15.6));
#3398=CARTESIAN_POINT('Origin',(-2.4012223408874,1.63106191031752,15.6));
#3399=CARTESIAN_POINT('Origin',(0.,0.,15.6));
#3400=CARTESIAN_POINT('Origin',(-2.73340061849753,-0.6193021287,22.6));
#3401=CARTESIAN_POINT('',(-2.73340061849753,-0.6193021287,22.6));
#3402=CARTESIAN_POINT('',(-2.88802208539473,-0.811990415135704,22.6));
#3403=CARTESIAN_POINT('',(-2.04691942561652,0.236186357995842,22.6));
#3404=CARTESIAN_POINT('',(-2.73340061849753,-0.6193021287,15.6));
#3405=CARTESIAN_POINT('',(-2.73340061849753,-0.6193021287,22.6));
#3406=CARTESIAN_POINT('',(-2.88802208539473,-0.811990415135704,15.6));
#3407=CARTESIAN_POINT('',(-2.45014269424015,-0.266307909076042,15.6));
#3408=CARTESIAN_POINT('',(-2.88802208539473,-0.811990415135704,14.6));
#3409=CARTESIAN_POINT('Origin',(2.39757261099393,-0.6193021287,22.6));
#3410=CARTESIAN_POINT('',(2.39757261099393,-0.619302128700001,22.6));
#3411=CARTESIAN_POINT('',(1.19878630549696,-0.6193021287,22.6));
#3412=CARTESIAN_POINT('',(2.39757261099393,-0.619302128700001,15.6));
#3413=CARTESIAN_POINT('',(2.39757261099393,-0.619302128700001,22.6));
#3414=CARTESIAN_POINT('',(-2.93538155499296,-0.6193021287,15.6));
#3415=CARTESIAN_POINT('Origin',(2.74341877894843,-1.21394126847766,22.6));
#3416=CARTESIAN_POINT('',(2.74341877894843,-1.21394126847766,22.6));
#3417=CARTESIAN_POINT('',(2.13291140894718,-0.164250362626055,22.6));
#3418=CARTESIAN_POINT('',(2.74341877894843,-1.21394126847766,15.6));
#3419=CARTESIAN_POINT('',(2.74341877894842,-1.21394126847765,14.6));
#3420=CARTESIAN_POINT('',(2.39524669145041,-0.61530300155994,15.6));
#3421=CARTESIAN_POINT('Origin',(2.4837515660633,0.3806978713,22.6));
#3422=CARTESIAN_POINT('',(2.4837515660633,0.3806978713,22.6));
#3423=CARTESIAN_POINT('',(2.86978772858445,0.874253048531202,22.6));
#3424=CARTESIAN_POINT('',(1.92001041611299,-0.340056788986507,22.6));
#3425=CARTESIAN_POINT('',(2.4837515660633,0.3806978713,15.6));
#3426=CARTESIAN_POINT('',(2.4837515660633,0.3806978713,22.6));
#3427=CARTESIAN_POINT('',(2.86978772858445,0.874253048531202,15.6));
#3428=CARTESIAN_POINT('',(2.42612993782536,0.307027433920277,15.6));
#3429=CARTESIAN_POINT('',(2.86978772858445,0.874253048531202,14.6));
#3430=CARTESIAN_POINT('Origin',(-2.70921285348013,0.3806978713,22.6));
#3431=CARTESIAN_POINT('',(-2.70921285348013,0.3806978713,22.6));
#3432=CARTESIAN_POINT('',(-1.35460642674007,0.3806978713,22.6));
#3433=CARTESIAN_POINT('',(-2.70921285348013,0.3806978713,15.6));
#3434=CARTESIAN_POINT('',(-2.70921285348013,0.3806978713,22.6));
#3435=CARTESIAN_POINT('',(2.9757468189993,0.3806978713,15.6));
#3436=CARTESIAN_POINT('Origin',(-2.40031773949791,0.574629794053322,22.6));
#3437=CARTESIAN_POINT('',(-2.40031773949791,0.574629794053322,22.6));
#3438=CARTESIAN_POINT('',(-1.66885729447483,1.03385858758318,22.6));
#3439=CARTESIAN_POINT('',(-2.40031773949791,0.574629794053322,15.6));
#3440=CARTESIAN_POINT('',(-2.40031773949791,0.574629794053322,22.6));
#3441=CARTESIAN_POINT('',(-2.40031773949791,0.574629794053322,15.6));
#3442=CARTESIAN_POINT('Origin',(-2.76034396973969,1.17494730465741,22.6));
#3443=CARTESIAN_POINT('',(-2.76034396973969,1.17494730465741,22.6));
#3444=CARTESIAN_POINT('',(-2.13612546805107,0.134108428125916,22.6));
#3445=CARTESIAN_POINT('',(-2.76034396973969,1.17494730465741,15.6));
#3446=CARTESIAN_POINT('',(-2.76034396973969,1.17494730465741,14.6));
#3447=CARTESIAN_POINT('',(-2.40031773949791,0.574629794053322,15.6));
#3448=CARTESIAN_POINT('Origin',(0.,-0.019496981910123,15.6));
#3449=CARTESIAN_POINT('Origin',(0.,0.,15.6));
#3450=CARTESIAN_POINT('',(3.,3.67394039744206E-16,15.6));
#3451=CARTESIAN_POINT('Origin',(0.,0.,15.6));
#3452=CARTESIAN_POINT('Origin',(0.,0.,15.6));
#3453=CARTESIAN_POINT('Origin',(2.05902590282638,-1.36093239444585,22.6));
#3454=CARTESIAN_POINT('',(2.05902590282638,-1.36093239444585,22.6));
#3455=CARTESIAN_POINT('',(1.21461242245906,-1.54229209673443,22.6));
#3456=CARTESIAN_POINT('',(2.05902590282638,-1.36093239444585,15.6));
#3457=CARTESIAN_POINT('',(2.05902590282638,-1.36093239444585,22.6));
#3458=CARTESIAN_POINT('',(2.05902590282638,-1.36093239444585,15.6));
#3459=CARTESIAN_POINT('Origin',(2.19201921365624,-2.04818255215737,22.6));
#3460=CARTESIAN_POINT('',(2.19201921365623,-2.04818255215738,22.6));
#3461=CARTESIAN_POINT('',(1.96143355559163,-0.856618639039558,22.6));
#3462=CARTESIAN_POINT('',(2.19201921365623,-2.04818255215738,15.6));
#3463=CARTESIAN_POINT('',(2.19201921365624,-2.04818255215737,14.6));
#3464=CARTESIAN_POINT('',(2.05902590282638,-1.36093239444585,15.6));
#3465=CARTESIAN_POINT('Origin',(2.4012223408874,-1.63106191031752,15.6));
#3466=CARTESIAN_POINT('Origin',(0.,0.,15.6));
#3467=CARTESIAN_POINT('Origin',(2.20811497783648,1.10270254167491,22.6));
#3468=CARTESIAN_POINT('',(2.20811497783648,1.10270254167491,22.6));
#3469=CARTESIAN_POINT('',(2.42301336667817,1.76889972154979,22.6));
#3470=CARTESIAN_POINT('',(1.94297034705751,0.280739165234485,22.6));
#3471=CARTESIAN_POINT('',(2.20811497783648,1.10270254167491,15.6));
#3472=CARTESIAN_POINT('',(2.20811497783648,1.10270254167491,22.6));
#3473=CARTESIAN_POINT('',(2.42301336667817,1.76889972154979,15.6));
#3474=CARTESIAN_POINT('',(2.20811497783648,1.10270254167491,15.6));
#3475=CARTESIAN_POINT('',(2.42301336667817,1.76889972154979,14.6));
#3476=CARTESIAN_POINT('Origin',(2.86978772858445,0.874253048531202,22.6));
#3477=CARTESIAN_POINT('',(1.72257028055932,1.27034196745781,22.6));
#3478=CARTESIAN_POINT('',(2.20811497783648,1.10270254167491,15.6));
#3479=CARTESIAN_POINT('Origin',(2.53895135321047,1.3215763850405,15.6));
#3480=CARTESIAN_POINT('Origin',(0.,0.,15.6));
#3481=CARTESIAN_POINT('Origin',(0.702514870327358,-2.36605103658629,22.6));
#3482=CARTESIAN_POINT('',(0.702514870327358,-2.36605103658629,22.6));
#3483=CARTESIAN_POINT('',(1.3212743044971,-2.69336856227953,22.6));
#3484=CARTESIAN_POINT('',(-0.0609191535303229,-1.96220210609776,22.6));
#3485=CARTESIAN_POINT('',(0.702514870327358,-2.36605103658629,15.6));
#3486=CARTESIAN_POINT('',(0.702514870327358,-2.36605103658629,22.6));
#3487=CARTESIAN_POINT('',(1.3212743044971,-2.69336856227953,15.6));
#3488=CARTESIAN_POINT('',(0.702514870327358,-2.36605103658629,15.6));
#3489=CARTESIAN_POINT('',(1.32127430449709,-2.69336856227953,14.6));
#3490=CARTESIAN_POINT('Origin',(0.362637770928477,-2.97800165330646,22.6));
#3491=CARTESIAN_POINT('',(0.362637770928477,-2.97800165330646,22.6));
#3492=CARTESIAN_POINT('',(0.951921428406893,-1.91699313506611,22.6));
#3493=CARTESIAN_POINT('',(0.362637770928477,-2.97800165330646,15.6));
#3494=CARTESIAN_POINT('',(0.362637770928477,-2.97800165330646,14.6));
#3495=CARTESIAN_POINT('',(0.702514870327358,-2.36605103658629,15.6));
#3496=CARTESIAN_POINT('Origin',(0.841956037712786,-2.67202634494638,15.6));
#3497=CARTESIAN_POINT('Origin',(0.,0.,15.6));
#3498=CARTESIAN_POINT('Origin',(1.69780286917055,1.79142124253297,22.6));
#3499=CARTESIAN_POINT('',(1.69780286917055,1.79142124253297,22.6));
#3500=CARTESIAN_POINT('',(1.6718884444399,2.49094139420187,22.6));
#3501=CARTESIAN_POINT('',(1.72977644800515,0.928343518514575,22.6));
#3502=CARTESIAN_POINT('',(1.69780286917055,1.79142124253297,15.6));
#3503=CARTESIAN_POINT('',(1.69780286917055,1.79142124253297,22.6));
#3504=CARTESIAN_POINT('',(1.6718884444399,2.49094139420187,15.6));
#3505=CARTESIAN_POINT('',(1.69780286917055,1.79142124253297,15.6));
#3506=CARTESIAN_POINT('',(1.6718884444399,2.49094139420187,14.6));
#3507=CARTESIAN_POINT('Origin',(2.39770619881122,1.80305434864905,22.6));
#3508=CARTESIAN_POINT('',(2.39770619881122,1.80305434864905,22.6));
#3509=CARTESIAN_POINT('',(1.18420403964418,1.78288470694019,22.6));
#3510=CARTESIAN_POINT('',(2.39770619881122,1.80305434864905,15.6));
#3511=CARTESIAN_POINT('',(2.39770619881122,1.80305434864905,14.6));
#3512=CARTESIAN_POINT('',(1.69780286917055,1.79142124253297,15.6));
#3513=CARTESIAN_POINT('Origin',(2.03479732162556,2.14118131836742,15.6));
#3514=CARTESIAN_POINT('Origin',(0.,0.,15.6));
#3515=CARTESIAN_POINT('Origin',(-1.69780286917055,-1.79142124253297,22.6));
#3516=CARTESIAN_POINT('',(-1.69780286917055,-1.79142124253297,22.6));
#3517=CARTESIAN_POINT('',(-1.6718884444399,-2.49094139420187,22.6));
#3518=CARTESIAN_POINT('',(-1.72977644800515,-0.928343518514574,22.6));
#3519=CARTESIAN_POINT('',(-1.69780286917055,-1.79142124253297,15.6));
#3520=CARTESIAN_POINT('',(-1.69780286917055,-1.79142124253297,22.6));
#3521=CARTESIAN_POINT('',(-1.6718884444399,-2.49094139420187,15.6));
#3522=CARTESIAN_POINT('',(-1.69780286917055,-1.79142124253297,15.6));
#3523=CARTESIAN_POINT('',(-1.6718884444399,-2.49094139420187,14.6));
#3524=CARTESIAN_POINT('Origin',(-2.39770619881122,-1.80305434864905,22.6));
#3525=CARTESIAN_POINT('',(-2.39770619881122,-1.80305434864905,22.6));
#3526=CARTESIAN_POINT('',(-1.18420403964418,-1.78288470694019,22.6));
#3527=CARTESIAN_POINT('',(-2.39770619881122,-1.80305434864905,15.6));
#3528=CARTESIAN_POINT('',(-2.39770619881122,-1.80305434864905,14.6));
#3529=CARTESIAN_POINT('',(-1.69780286917055,-1.79142124253297,15.6));
#3530=CARTESIAN_POINT('Origin',(-2.03479732162556,-2.14118131836742,15.6));
#3531=CARTESIAN_POINT('Origin',(0.,0.,15.6));
#3532=CARTESIAN_POINT('Origin',(0.,0.,22.6));
#3533=CARTESIAN_POINT('Origin',(0.,0.,22.6));
#3534=CARTESIAN_POINT('Origin',(0.,0.,22.6));
#3535=CARTESIAN_POINT('Origin',(0.,0.,22.6));
#3536=CARTESIAN_POINT('Origin',(0.,0.,22.6));
#3537=CARTESIAN_POINT('Origin',(0.,0.,22.6));
#3538=CARTESIAN_POINT('Origin',(0.,0.,22.6));
#3539=CARTESIAN_POINT('Origin',(0.,0.,22.6));
#3540=CARTESIAN_POINT('Origin',(0.,0.,22.6));
#3541=CARTESIAN_POINT('Origin',(0.,0.,22.6));
#3542=CARTESIAN_POINT('Origin',(0.,0.,22.6));
#3543=CARTESIAN_POINT('Origin',(0.,0.,22.6));
#3544=CARTESIAN_POINT('Origin',(0.,0.,22.6));
#3545=CARTESIAN_POINT('Origin',(0.,0.,22.6));
#3546=CARTESIAN_POINT('Origin',(0.,0.,22.6));
#3547=CARTESIAN_POINT('Origin',(0.,0.,22.6));
#3548=CARTESIAN_POINT('Origin',(0.,0.,14.6));
#3549=CARTESIAN_POINT('',(3.,3.67394039744206E-16,14.6));
#3550=CARTESIAN_POINT('',(3.,3.67394039744206E-16,14.6));
#3551=CARTESIAN_POINT('Origin',(0.,0.,14.6));
#3552=CARTESIAN_POINT('Origin',(0.,0.,8.6));
#3553=CARTESIAN_POINT('',(3.4635,-4.24156418884686E-16,14.6));
#3554=CARTESIAN_POINT('Origin',(0.,0.,14.6));
#3555=CARTESIAN_POINT('',(3.4635,-4.24156418884686E-16,8.6));
#3556=CARTESIAN_POINT('',(3.4635,4.24156418884686E-16,8.6));
#3557=CARTESIAN_POINT('Origin',(0.,0.,8.6));
#3558=CARTESIAN_POINT('Origin',(0.,0.,14.6));
#3559=CARTESIAN_POINT('Origin',(0.,0.,7.6));
#3560=CARTESIAN_POINT('',(5.,6.12323399573677E-16,8.6));
#3561=CARTESIAN_POINT('Origin',(0.,0.,8.6));
#3562=CARTESIAN_POINT('',(5.,6.12323399573677E-16,7.6));
#3563=CARTESIAN_POINT('',(5.,6.12323399573677E-16,7.6));
#3564=CARTESIAN_POINT('',(0.,5.,7.6));
#3565=CARTESIAN_POINT('Origin',(0.,0.,7.6));
#3566=CARTESIAN_POINT('',(0.,-5.,7.6));
#3567=CARTESIAN_POINT('Origin',(0.,0.,7.6));
#3568=CARTESIAN_POINT('Origin',(0.,0.,7.6));
#3569=CARTESIAN_POINT('Origin',(0.,0.,8.6));
#3570=CARTESIAN_POINT('Origin',(-1.11022302462516E-15,1.11022302462516E-15,
7.6));
#3571=CARTESIAN_POINT('',(-6.2449979983984,5.,7.6));
#3572=CARTESIAN_POINT('',(-6.2449979983984,5.,7.6));
#3573=CARTESIAN_POINT('',(-6.2449979983984,-5.,7.6));
#3574=CARTESIAN_POINT('Origin',(0.,0.,7.6));
#3575=CARTESIAN_POINT('',(6.24499799839839,-5.,7.6));
#3576=CARTESIAN_POINT('Origin',(-1.11022302462516E-15,1.11022302462516E-15,
7.6));
#3577=CARTESIAN_POINT('',(6.24499799839839,-5.,7.6));
#3578=CARTESIAN_POINT('',(6.24499799839839,-5.,7.6));
#3579=CARTESIAN_POINT('',(6.24499799839839,5.,7.6));
#3580=CARTESIAN_POINT('Origin',(0.,0.,7.6));
#3581=CARTESIAN_POINT('',(-6.2449979983984,5.,7.6));
#3582=CARTESIAN_POINT('Origin',(-6.2449979983984,-5.,7.));
#3583=CARTESIAN_POINT('',(6.24499799839839,-5.,7.));
#3584=CARTESIAN_POINT('',(-6.2449979983984,-5.,7.));
#3585=CARTESIAN_POINT('',(6.24499799839839,-5.,7.));
#3586=CARTESIAN_POINT('',(6.24499799839839,-5.,7.));
#3587=CARTESIAN_POINT('',(-6.2449979983984,-5.,7.));
#3588=CARTESIAN_POINT('Origin',(0.,0.,7.));
#3589=CARTESIAN_POINT('',(-6.2449979983984,5.,7.));
#3590=CARTESIAN_POINT('Origin',(0.,0.,7.));
#3591=CARTESIAN_POINT('',(-6.2449979983984,5.,7.));
#3592=CARTESIAN_POINT('Origin',(6.24499799839839,5.,7.));
#3593=CARTESIAN_POINT('',(6.24499799839839,5.,7.));
#3594=CARTESIAN_POINT('',(-6.2449979983984,5.,7.));
#3595=CARTESIAN_POINT('',(6.24499799839839,5.,7.));
#3596=CARTESIAN_POINT('Origin',(0.,0.,7.));
#3597=CARTESIAN_POINT('Origin',(0.,0.,7.));
#3598=CARTESIAN_POINT('Origin',(-1.11022302462516E-15,1.11022302462516E-15,
7.));
#3599=CARTESIAN_POINT('Ctrl Pts',(6.24605987109132,-8.5,7.01470476127555));
#3600=CARTESIAN_POINT('Ctrl Pts',(6.24605987109132,-8.68640898668618,7.01470476127555));
#3601=CARTESIAN_POINT('Ctrl Pts',(6.16099141467979,-9.05910014328584,7.01470476127554));
#3602=CARTESIAN_POINT('Ctrl Pts',(5.80344506594528,-9.50767049970406,7.01470476127554));
#3603=CARTESIAN_POINT('Ctrl Pts',(5.28668981953642,-9.75627834772966,7.01470476127554));
#3604=CARTESIAN_POINT('Ctrl Pts',(4.71313130279143,-9.75641471290717,7.01470476127553));
#3605=CARTESIAN_POINT('Ctrl Pts',(4.19653424447521,-9.50741451302715,7.01470476127553));
#3606=CARTESIAN_POINT('Ctrl Pts',(3.83892996671834,-9.05904857004582,7.01470476127551));
#3607=CARTESIAN_POINT('Ctrl Pts',(3.71135544167033,-8.49995601539577,7.0147047612755));
#3608=CARTESIAN_POINT('Ctrl Pts',(3.83872132196247,-7.94075882134526,7.01470476127548));
#3609=CARTESIAN_POINT('Ctrl Pts',(4.1965118033282,-7.49252914431882,7.01470476127546));
#3610=CARTESIAN_POINT('Ctrl Pts',(4.71317362027347,-7.24368301828244,7.01470476127542));
#3611=CARTESIAN_POINT('Ctrl Pts',(5.28669197158623,-7.24372639497531,7.01470476127537));
#3612=CARTESIAN_POINT('Ctrl Pts',(5.80345922670392,-7.49236210627893,7.01470476127533));
#3613=CARTESIAN_POINT('Ctrl Pts',(6.16099286136844,-7.94090312839376,7.01470476127524));
#3614=CARTESIAN_POINT('Ctrl Pts',(6.24605987109143,-8.3135910133138,7.01470476127515));
#3615=CARTESIAN_POINT('Ctrl Pts',(6.24605987109143,-8.49999999999998,7.01470476127515));
#3616=CARTESIAN_POINT('Ctrl Pts',(6.23105424711503,-8.50000000000001,7.07070651235441));
#3617=CARTESIAN_POINT('Ctrl Pts',(6.23105424711502,-8.68418969350033,7.07070651235441));
#3618=CARTESIAN_POINT('Ctrl Pts',(6.14702880884429,-9.05242586990922,7.0707065123544));
#3619=CARTESIAN_POINT('Ctrl Pts',(5.79377798286523,-9.49564247603763,7.0707065123544));
#3620=CARTESIAN_POINT('Ctrl Pts',(5.28319202401496,-9.74128223870227,7.0707065123544));
#3621=CARTESIAN_POINT('Ctrl Pts',(4.71649977715765,-9.74142144156861,7.07070651235439));
#3622=CARTESIAN_POINT('Ctrl Pts',(4.20606870122669,-9.49538760956355,7.07070651235439));
#3623=CARTESIAN_POINT('Ctrl Pts',(3.85273675733416,-9.05237844588706,7.07070651235437));
#3624=CARTESIAN_POINT('Ctrl Pts',(3.72669202138771,-8.49996068392909,7.07070651235436));
#3625=CARTESIAN_POINT('Ctrl Pts',(3.85253248403084,-7.94743357178357,7.07070651235433));
#3626=CARTESIAN_POINT('Ctrl Pts',(4.20605599310599,-7.5045533118536,7.07070651235431));
#3627=CARTESIAN_POINT('Ctrl Pts',(4.71653748322325,-7.25867507238276,7.07070651235427));
#3628=CARTESIAN_POINT('Ctrl Pts',(5.28319593931941,-7.25872154942582,7.07070651235421));
#3629=CARTESIAN_POINT('Ctrl Pts',(5.79379118035249,-7.50438946243595,7.07070651235417));
#3630=CARTESIAN_POINT('Ctrl Pts',(6.14703070725115,-7.94757708786866,7.07070651235407));
#3631=CARTESIAN_POINT('Ctrl Pts',(6.2310542471152,-8.31581030649962,7.07070651235396));
#3632=CARTESIAN_POINT('Ctrl Pts',(6.23105424711521,-8.49999999999992,7.07070651235397));
#3633=CARTESIAN_POINT('Ctrl Pts',(6.20551361703181,-8.50000000000002,7.13127246969419));
#3634=CARTESIAN_POINT('Ctrl Pts',(6.2055136170318,-8.68033788103639,7.13127246969419));
#3635=CARTESIAN_POINT('Ctrl Pts',(6.1232092935993,-9.04089476965228,7.13127246969418));
#3636=CARTESIAN_POINT('Ctrl Pts',(5.77729952517307,-9.47485858637914,7.13127246969417));
#3637=CARTESIAN_POINT('Ctrl Pts',(5.27737071319392,-9.71537135441676,7.13127246969418));
#3638=CARTESIAN_POINT('Ctrl Pts',(4.72248423087922,-9.71550232822488,7.13127246969416));
#3639=CARTESIAN_POINT('Ctrl Pts',(4.22270875782962,-9.4746113473666,7.13127246969416));
#3640=CARTESIAN_POINT('Ctrl Pts',(3.87674803262896,-9.04084412317056,7.13127246969413));
#3641=CARTESIAN_POINT('Ctrl Pts',(3.75332611692684,-8.49995656515812,7.13127246969412));
#3642=CARTESIAN_POINT('Ctrl Pts',(3.87654578119126,-7.95896904432822,7.13127246969409));
#3643=CARTESIAN_POINT('Ctrl Pts',(4.22268503155846,-7.52533487053903,7.13127246969405));
#3644=CARTESIAN_POINT('Ctrl Pts',(4.72252604495759,-7.28459223141969,7.13127246969402));
#3645=CARTESIAN_POINT('Ctrl Pts',(5.2773724141658,-7.28463342510109,7.13127246969394));
#3646=CARTESIAN_POINT('Ctrl Pts',(5.77731339398199,-7.52517301715634,7.13127246969389));
#3647=CARTESIAN_POINT('Ctrl Pts',(6.12321059329778,-7.95910845403088,7.13127246969377));
#3648=CARTESIAN_POINT('Ctrl Pts',(6.20551361703214,-8.31966211896352,7.13127246969363));
#3649=CARTESIAN_POINT('Ctrl Pts',(6.20551361703215,-8.49999999999985,7.13127246969365));
#3650=CARTESIAN_POINT('Ctrl Pts',(6.16325423818143,-8.50000000000003,7.17405705528111));
#3651=CARTESIAN_POINT('Ctrl Pts',(6.16325423818143,-8.67399943960489,7.17405705528111));
#3652=CARTESIAN_POINT('Ctrl Pts',(6.08382295524465,-9.02189532303441,7.1740570552811));
#3653=CARTESIAN_POINT('Ctrl Pts',(5.7500457566867,-9.44061504556165,7.17405705528109));
#3654=CARTESIAN_POINT('Ctrl Pts',(5.26767709117043,-9.67267978298981,7.1740570552811));
#3655=CARTESIAN_POINT('Ctrl Pts',(4.73226885094054,-9.67280323811596,7.17405705528108));
#3656=CARTESIAN_POINT('Ctrl Pts',(4.25004906401168,-9.44037775594103,7.17405705528108));
#3657=CARTESIAN_POINT('Ctrl Pts',(3.91623830370899,-9.02184414648487,7.17405705528105));
#3658=CARTESIAN_POINT('Ctrl Pts',(3.79714721509009,-8.4999553832203,7.17405705528104));
#3659=CARTESIAN_POINT('Ctrl Pts',(3.91604192753408,-7.97797406305516,7.17405705528101));
#3660=CARTESIAN_POINT('Ctrl Pts',(4.25001998597273,-7.55957257847619,7.17405705528097));
#3661=CARTESIAN_POINT('Ctrl Pts',(4.73231187956843,-7.32728803307612,7.17405705528094));
#3662=CARTESIAN_POINT('Ctrl Pts',(5.26767756337349,-7.32732541543271,7.17405705528087));
#3663=CARTESIAN_POINT('Ctrl Pts',(5.7500596573436,-7.55941562971328,7.17405705528082));
#3664=CARTESIAN_POINT('Ctrl Pts',(6.08382390282088,-7.97810796701718,7.17405705528071));
#3665=CARTESIAN_POINT('Ctrl Pts',(6.16325423818206,-8.32600056039495,7.17405705528057));
#3666=CARTESIAN_POINT('Ctrl Pts',(6.16325423818207,-8.49999999999977,7.17405705528059));
#3667=CARTESIAN_POINT('Ctrl Pts',(6.10527424347894,-8.50000000000004,7.19475373199022));
#3668=CARTESIAN_POINT('Ctrl Pts',(6.10527424347894,-8.66532430865298,7.19475373199022));
#3669=CARTESIAN_POINT('Ctrl Pts',(6.02980023556526,-8.99587681157122,7.19475373199021));
#3670=CARTESIAN_POINT('Ctrl Pts',(5.71266046531742,-9.39372162312931,7.1947537319902));
#3671=CARTESIAN_POINT('Ctrl Pts',(5.25433970416583,-9.61421706235308,7.19475373199021));
#3672=CARTESIAN_POINT('Ctrl Pts',(4.74562175473617,-9.61433392720723,7.1947537319902));
#3673=CARTESIAN_POINT('Ctrl Pts',(4.28744258818486,-9.39349635211492,7.19475373199019));
#3674=CARTESIAN_POINT('Ctrl Pts',(3.97027325858603,-8.99582784172087,7.19475373199018));
#3675=CARTESIAN_POINT('Ctrl Pts',(3.85711865431343,-8.49995720340151,7.19475373199017));
#3676=CARTESIAN_POINT('Ctrl Pts',(3.97008648908558,-8.00399920381246,7.19475373199015));
#3677=CARTESIAN_POINT('Ctrl Pts',(4.28741403660416,-7.60645679077956,7.19475373199012));
#3678=CARTESIAN_POINT('Ctrl Pts',(4.74566303872862,-7.38575279869331,7.1947537319901));
#3679=CARTESIAN_POINT('Ctrl Pts',(5.25433997834068,-7.38578796449167,7.19475373199005));
#3680=CARTESIAN_POINT('Ctrl Pts',(5.71267375043878,-7.60630755000572,7.19475373199001));
#3681=CARTESIAN_POINT('Ctrl Pts',(6.02980109015802,-8.0041263412659,7.19475373198993));
#3682=CARTESIAN_POINT('Ctrl Pts',(6.10527424347995,-8.33467569134678,7.19475373198982));
#3683=CARTESIAN_POINT('Ctrl Pts',(6.10527424347996,-8.49999999999969,7.19475373198984));
#3684=CARTESIAN_POINT('Ctrl Pts',(6.04806137373421,-8.50000000000006,7.19999999999997));
#3685=CARTESIAN_POINT('Ctrl Pts',(6.04806137373421,-8.65669870644229,7.19999999999997));
#3686=CARTESIAN_POINT('Ctrl Pts',(5.97644478147728,-8.97005259989436,7.19999999999996));
#3687=CARTESIAN_POINT('Ctrl Pts',(5.67574841883123,-9.34717565283291,7.19999999999996));
#3688=CARTESIAN_POINT('Ctrl Pts',(5.24129468115141,-9.55618901422235,7.19999999999996));
#3689=CARTESIAN_POINT('Ctrl Pts',(4.75901812921421,-9.5562879258449,7.19999999999995));
#3690=CARTESIAN_POINT('Ctrl Pts',(4.32470237731619,-9.34696725741182,7.19999999999995));
#3691=CARTESIAN_POINT('Ctrl Pts',(4.02404145667815,-8.96999678988825,7.19999999999995));
#3692=CARTESIAN_POINT('Ctrl Pts',(3.91676146114042,-8.49994842093963,7.19999999999995));
#3693=CARTESIAN_POINT('Ctrl Pts',(4.02385941566305,-8.02983307874413,7.19999999999994));
#3694=CARTESIAN_POINT('Ctrl Pts',(4.32465015914406,-7.65299738381004,7.19999999999993));
#3695=CARTESIAN_POINT('Ctrl Pts',(4.75906817554197,-7.44379441794259,7.19999999999991));
#3696=CARTESIAN_POINT('Ctrl Pts',(5.24129018694573,-7.44381813715622,7.19999999999989));
#3697=CARTESIAN_POINT('Ctrl Pts',(5.67576312274183,-7.65285274053896,7.19999999999987));
#3698=CARTESIAN_POINT('Ctrl Pts',(5.97644434523413,-8.02995111914992,7.19999999999984));
#3699=CARTESIAN_POINT('Ctrl Pts',(6.04806137373556,-8.3433012935574,7.19999999999979));
#3700=CARTESIAN_POINT('Ctrl Pts',(6.04806137373556,-8.49999999999963,7.1999999999998));
#3701=CARTESIAN_POINT('Ctrl Pts',(6.00457841451935,-8.50000000000006,7.2));
#3702=CARTESIAN_POINT('Ctrl Pts',(6.00457841451935,-8.65028366504844,7.2));
#3703=CARTESIAN_POINT('Ctrl Pts',(5.93599588726677,-8.95074875495962,7.2));
#3704=CARTESIAN_POINT('Ctrl Pts',(5.64774060157632,-9.31238795697981,7.2));
#3705=CARTESIAN_POINT('Ctrl Pts',(5.2311304705742,-9.51281659094891,7.2));
#3706=CARTESIAN_POINT('Ctrl Pts',(4.76872531753692,-9.51292652909631,7.2));
#3707=CARTESIAN_POINT('Ctrl Pts',(4.35224271840306,-9.31218157950465,7.2));
#3708=CARTESIAN_POINT('Ctrl Pts',(4.0639407301049,-8.95070717640868,7.2));
#3709=CARTESIAN_POINT('Ctrl Pts',(3.96108964158261,-8.4999645394374,7.2));
#3710=CARTESIAN_POINT('Ctrl Pts',(4.06377251987459,-8.04913754176608,7.20000000000001));
#3711=CARTESIAN_POINT('Ctrl Pts',(4.35222462626148,-7.68777299682388,7.20000000000001));
#3712=CARTESIAN_POINT('Ctrl Pts',(4.76875943405935,-7.48715226217656,7.20000000000001));
#3713=CARTESIAN_POINT('Ctrl Pts',(5.23113220556593,-7.48718723263849,7.20000000000001));
#3714=CARTESIAN_POINT('Ctrl Pts',(5.64775201803693,-7.68763833009292,7.2));
#3715=CARTESIAN_POINT('Ctrl Pts',(5.935997053594,-8.04925388268121,7.2));
#3716=CARTESIAN_POINT('Ctrl Pts',(6.00457841452091,-8.34971633495121,7.2));
#3717=CARTESIAN_POINT('Ctrl Pts',(6.00457841452091,-8.49999999999959,7.2));
#3718=CARTESIAN_POINT('',(6.24605987109143,-8.49999999999998,7.01470476127515));
#3719=CARTESIAN_POINT('',(6.00457841451935,-8.50000000000006,7.2));
#3720=CARTESIAN_POINT('Ctrl Pts',(6.2460598710913,-8.5,7.01470476127564));
#3721=CARTESIAN_POINT('Ctrl Pts',(6.23105424711501,-8.50000000000001,7.07070651235445));
#3722=CARTESIAN_POINT('Ctrl Pts',(6.21828393207341,-8.50000000000001,7.10098949102432));
#3723=CARTESIAN_POINT('Ctrl Pts',(6.20421525112527,-8.50000000000002,7.12390999592051));
#3724=CARTESIAN_POINT('Ctrl Pts',(6.19014657017713,-8.50000000000002,7.14683050081671));
#3725=CARTESIAN_POINT('Ctrl Pts',(6.17477952332244,-8.50000000000003,7.16238853193922));
#3726=CARTESIAN_POINT('Ctrl Pts',(6.1549410758813,-8.50000000000003,7.17378692852524));
#3727=CARTESIAN_POINT('Ctrl Pts',(6.14006224030044,-8.50000000000003,7.18233572596476));
#3728=CARTESIAN_POINT('Ctrl Pts',(6.12266824188969,-8.50000000000004,7.18854472897749));
#3729=CARTESIAN_POINT('Ctrl Pts',(6.09966802524813,-8.50000000000004,7.19296079748629));
#3730=CARTESIAN_POINT('Ctrl Pts',(6.07666780860679,-8.50000000000005,7.19737686599505));
#3731=CARTESIAN_POINT('Ctrl Pts',(6.04806137373474,-8.50000000000006,7.19999999999992));
#3732=CARTESIAN_POINT('Ctrl Pts',(6.00457841452055,-8.50000000000006,7.2));
#3733=CARTESIAN_POINT('Ctrl Pts',(6.00457841451935,-8.50000000000006,7.2));
#3734=CARTESIAN_POINT('Ctrl Pts',(6.00457841451935,-8.65028366504844,7.2));
#3735=CARTESIAN_POINT('Ctrl Pts',(5.93599588726677,-8.95074875495962,7.2));
#3736=CARTESIAN_POINT('Ctrl Pts',(5.64774060157632,-9.31238795697981,7.2));
#3737=CARTESIAN_POINT('Ctrl Pts',(5.2311304705742,-9.51281659094891,7.2));
#3738=CARTESIAN_POINT('Ctrl Pts',(4.76872531753692,-9.51292652909631,7.2));
#3739=CARTESIAN_POINT('Ctrl Pts',(4.35224271840306,-9.31218157950465,7.2));
#3740=CARTESIAN_POINT('Ctrl Pts',(4.0639407301049,-8.95070717640868,7.2));
#3741=CARTESIAN_POINT('Ctrl Pts',(3.96108964158261,-8.4999645394374,7.2));
#3742=CARTESIAN_POINT('Ctrl Pts',(4.06377251987459,-8.04913754176608,7.20000000000001));
#3743=CARTESIAN_POINT('Ctrl Pts',(4.35222462626148,-7.68777299682388,7.20000000000001));
#3744=CARTESIAN_POINT('Ctrl Pts',(4.76875943405935,-7.48715226217656,7.20000000000001));
#3745=CARTESIAN_POINT('Ctrl Pts',(5.23113220556593,-7.48718723263849,7.20000000000001));
#3746=CARTESIAN_POINT('Ctrl Pts',(5.64775201803693,-7.68763833009292,7.2));
#3747=CARTESIAN_POINT('Ctrl Pts',(5.935997053594,-8.04925388268121,7.2));
#3748=CARTESIAN_POINT('Ctrl Pts',(6.00457841452091,-8.34971633495121,7.2));
#3749=CARTESIAN_POINT('Ctrl Pts',(6.00457841452091,-8.49999999999959,7.2));
#3750=CARTESIAN_POINT('Ctrl Pts',(6.24605987109143,-8.49999999999998,7.01470476127515));
#3751=CARTESIAN_POINT('Ctrl Pts',(6.24605987109143,-8.3135910133138,7.01470476127515));
#3752=CARTESIAN_POINT('Ctrl Pts',(6.16099286136844,-7.94090312839376,7.01470476127524));
#3753=CARTESIAN_POINT('Ctrl Pts',(5.80345922670392,-7.49236210627893,7.01470476127533));
#3754=CARTESIAN_POINT('Ctrl Pts',(5.28669197158623,-7.24372639497531,7.01470476127537));
#3755=CARTESIAN_POINT('Ctrl Pts',(4.71317362027347,-7.24368301828244,7.01470476127542));
#3756=CARTESIAN_POINT('Ctrl Pts',(4.1965118033282,-7.49252914431882,7.01470476127546));
#3757=CARTESIAN_POINT('Ctrl Pts',(3.83872132196247,-7.94075882134526,7.01470476127548));
#3758=CARTESIAN_POINT('Ctrl Pts',(3.71135544167033,-8.49995601539577,7.0147047612755));
#3759=CARTESIAN_POINT('Ctrl Pts',(3.83892996671834,-9.05904857004582,7.01470476127551));
#3760=CARTESIAN_POINT('Ctrl Pts',(4.19653424447521,-9.50741451302715,7.01470476127553));
#3761=CARTESIAN_POINT('Ctrl Pts',(4.71313130279143,-9.75641471290717,7.01470476127553));
#3762=CARTESIAN_POINT('Ctrl Pts',(5.28668981953642,-9.75627834772966,7.01470476127554));
#3763=CARTESIAN_POINT('Ctrl Pts',(5.80344506594528,-9.50767049970406,7.01470476127554));
#3764=CARTESIAN_POINT('Ctrl Pts',(6.16099141467979,-9.05910014328584,7.01470476127554));
#3765=CARTESIAN_POINT('Ctrl Pts',(6.24605987109132,-8.68640898668618,7.01470476127555));
#3766=CARTESIAN_POINT('Ctrl Pts',(6.24605987109132,-8.5,7.01470476127555));
#3767=CARTESIAN_POINT('Origin',(5.,-8.5,7.));
#3768=CARTESIAN_POINT('',(6.25,-8.5,7.));
#3769=CARTESIAN_POINT('',(6.25,-8.5,7.));
#3770=CARTESIAN_POINT('Origin',(5.,-8.5,7.));
#3771=CARTESIAN_POINT('Origin',(5.,-8.5,7.2));
#3772=CARTESIAN_POINT('',(5.55358983848623,-8.5,7.2));
#3773=CARTESIAN_POINT('Origin',(5.,-8.5,7.2));
#3774=CARTESIAN_POINT('Origin',(5.,-8.5,7.));
#3775=CARTESIAN_POINT('',(5.5,-8.5,7.));
#3776=CARTESIAN_POINT('Origin',(5.,-8.5,7.));
#3777=CARTESIAN_POINT('',(5.5,-8.5,7.));
#3778=CARTESIAN_POINT('Origin',(5.,-8.5,7.));
#3779=CARTESIAN_POINT('Ctrl Pts',(1.24605987109132,-8.5,7.01470476127555));
#3780=CARTESIAN_POINT('Ctrl Pts',(1.24605987109132,-8.68640898668618,7.01470476127555));
#3781=CARTESIAN_POINT('Ctrl Pts',(1.16094858983616,-9.05918785377058,7.01470476127554));
#3782=CARTESIAN_POINT('Ctrl Pts',(0.803085912405105,-9.50777145071123,7.01470476127554));
#3783=CARTESIAN_POINT('Ctrl Pts',(0.286597691705213,-9.75656721040905,7.01470476127554));
#3784=CARTESIAN_POINT('Ctrl Pts',(-0.287626470072987,-9.75709474699459,
7.01470476127554));
#3785=CARTESIAN_POINT('Ctrl Pts',(-0.802726584568433,-9.50767968085345,
7.01470476127554));
#3786=CARTESIAN_POINT('Ctrl Pts',(-1.28491674056451,-8.91153878160869,7.01470476127551));
#3787=CARTESIAN_POINT('Ctrl Pts',(-1.28218664965288,-7.88260441633729,7.0147047612755));
#3788=CARTESIAN_POINT('Ctrl Pts',(-0.479480489629086,-7.23893076491657,
7.01470476127542));
#3789=CARTESIAN_POINT('Ctrl Pts',(0.287255162150525,-7.24429357654821,7.01470476127536));
#3790=CARTESIAN_POINT('Ctrl Pts',(0.803313396933769,-7.49143322432158,7.01470476127532));
#3791=CARTESIAN_POINT('Ctrl Pts',(1.16114657349419,-7.94101427550929,7.01470476127524));
#3792=CARTESIAN_POINT('Ctrl Pts',(1.24605987109143,-8.31359101331381,7.01470476127515));
#3793=CARTESIAN_POINT('Ctrl Pts',(1.24605987109143,-8.49999999999999,7.01470476127515));
#3794=CARTESIAN_POINT('Ctrl Pts',(1.23105424711503,-8.50000000000001,7.07070651235441));
#3795=CARTESIAN_POINT('Ctrl Pts',(1.23105424711502,-8.68418109341773,7.07070651235441));
#3796=CARTESIAN_POINT('Ctrl Pts',(1.14698227976489,-9.05249003399431,7.0707065123544));
#3797=CARTESIAN_POINT('Ctrl Pts',(0.793415808269104,-9.49570371058499,7.0707065123544));
#3798=CARTESIAN_POINT('Ctrl Pts',(0.283125033444877,-9.7415150578559,7.0707065123544));
#3799=CARTESIAN_POINT('Ctrl Pts',(-0.284224589938375,-9.74203859812479,
7.0707065123544));
#3800=CARTESIAN_POINT('Ctrl Pts',(-0.793154265357901,-9.49560437286931,
7.0707065123544));
#3801=CARTESIAN_POINT('Ctrl Pts',(-1.26957547439866,-8.906604919893,7.07070651235437));
#3802=CARTESIAN_POINT('Ctrl Pts',(-1.26686273927076,-7.88999590635107,7.07070651235435));
#3803=CARTESIAN_POINT('Ctrl Pts',(-0.473789213033264,-7.25402473435982,
7.07070651235427));
#3804=CARTESIAN_POINT('Ctrl Pts',(0.283759290106293,-7.25932915671932,7.0707065123542));
#3805=CARTESIAN_POINT('Ctrl Pts',(0.793638841459426,-7.50350904954096,7.07070651235416));
#3806=CARTESIAN_POINT('Ctrl Pts',(1.14717355477405,-7.94770779930927,7.07070651235407));
#3807=CARTESIAN_POINT('Ctrl Pts',(1.2310542471152,-8.31581890658224,7.07070651235396));
#3808=CARTESIAN_POINT('Ctrl Pts',(1.23105424711521,-8.49999999999993,7.07070651235397));
#3809=CARTESIAN_POINT('Ctrl Pts',(1.20564322952303,-8.50000000000003,7.13127991408727));
#3810=CARTESIAN_POINT('Ctrl Pts',(1.20564322952303,-8.68035417326655,7.13127991408727));
#3811=CARTESIAN_POINT('Ctrl Pts',(1.12328533780484,-9.0410320479688,7.13127991408726));
#3812=CARTESIAN_POINT('Ctrl Pts',(0.777036859892043,-9.47504939003275,7.13127991408725));
#3813=CARTESIAN_POINT('Ctrl Pts',(0.277312484086844,-9.71576942300106,7.13127991408726));
#3814=CARTESIAN_POINT('Ctrl Pts',(-0.278265965115144,-9.71627866061617,
7.13127991408725));
#3815=CARTESIAN_POINT('Ctrl Pts',(-0.776642070754757,-9.47496496923141,
7.13127991408725));
#3816=CARTESIAN_POINT('Ctrl Pts',(-1.24317306149938,-8.89817916349492,7.13127991408722));
#3817=CARTESIAN_POINT('Ctrl Pts',(-1.24053934755192,-7.90265189927084,7.1312799140872));
#3818=CARTESIAN_POINT('Ctrl Pts',(-0.463886507537083,-7.27988082866194,
7.13127991408709));
#3819=CARTESIAN_POINT('Ctrl Pts',(0.277956340636945,-7.28506657277897,7.13127991408701));
#3820=CARTESIAN_POINT('Ctrl Pts',(0.777257828863503,-7.52418183428024,7.13127991408696));
#3821=CARTESIAN_POINT('Ctrl Pts',(1.12347907990008,-7.95916446377576,7.13127991408685));
#3822=CARTESIAN_POINT('Ctrl Pts',(1.20564322952337,-8.31964582673337,7.13127991408672));
#3823=CARTESIAN_POINT('Ctrl Pts',(1.20564322952338,-8.49999999999986,7.13127991408673));
#3824=CARTESIAN_POINT('Ctrl Pts',(1.15893921534804,-8.50000000000004,7.17794024880888));
#3825=CARTESIAN_POINT('Ctrl Pts',(1.15893921534804,-8.67339515158234,7.17794024880888));
#3826=CARTESIAN_POINT('Ctrl Pts',(1.07979503287395,-9.02013242106507,7.17794024880886));
#3827=CARTESIAN_POINT('Ctrl Pts',(0.746937795240206,-9.43738907733336,7.17794024880886));
#3828=CARTESIAN_POINT('Ctrl Pts',(0.266535357223585,-9.66880314858002,7.17794024880887));
#3829=CARTESIAN_POINT('Ctrl Pts',(-0.267587046454068,-9.66929648870196,
7.17794024880886));
#3830=CARTESIAN_POINT('Ctrl Pts',(-0.746710165261767,-9.43729383347124,
7.17794024880886));
#3831=CARTESIAN_POINT('Ctrl Pts',(-1.19523018986202,-8.88279043711966,7.17794024880883));
#3832=CARTESIAN_POINT('Ctrl Pts',(-1.19267327880548,-7.9257212360096,7.17794024880881));
#3833=CARTESIAN_POINT('Ctrl Pts',(-0.446051170430491,-7.32699545567636,
7.17794024880871));
#3834=CARTESIAN_POINT('Ctrl Pts',(0.26712941627975,-7.3319903773392,7.17794024880863));
#3835=CARTESIAN_POINT('Ctrl Pts',(0.747147422623755,-7.56186950230223,7.17794024880858));
#3836=CARTESIAN_POINT('Ctrl Pts',(1.0799742427418,-7.98005345280282,7.17794024880847));
#3837=CARTESIAN_POINT('Ctrl Pts',(1.15893921534869,-8.3266048484175,7.17794024880834));
#3838=CARTESIAN_POINT('Ctrl Pts',(1.1589392153487,-8.49999999999977,7.17794024880836));
#3839=CARTESIAN_POINT('Ctrl Pts',(1.09904984933999,-8.50000000000005,7.19617414064872));
#3840=CARTESIAN_POINT('Ctrl Pts',(1.09904984933998,-8.66439332546475,7.19617414064872));
#3841=CARTESIAN_POINT('Ctrl Pts',(1.02396034770865,-8.99316546130606,7.1961741406487));
#3842=CARTESIAN_POINT('Ctrl Pts',(0.708336514277128,-9.38878127962062,7.1961741406487));
#3843=CARTESIAN_POINT('Ctrl Pts',(0.252814071439401,-9.60820814237844,7.19617414064871));
#3844=CARTESIAN_POINT('Ctrl Pts',(-0.253607760475078,-9.60867021818641,
7.1961741406487));
#3845=CARTESIAN_POINT('Ctrl Pts',(-0.707891795455106,-9.38871219531538,
7.1961741406487));
#3846=CARTESIAN_POINT('Ctrl Pts',(-1.13314150942474,-8.86295529074982,7.19617414064868));
#3847=CARTESIAN_POINT('Ctrl Pts',(-1.13075473648682,-7.95550412403478,7.19617414064867));
#3848=CARTESIAN_POINT('Ctrl Pts',(-0.422798151670178,-7.38783793387941,
7.1961741406486));
#3849=CARTESIAN_POINT('Ctrl Pts',(0.253414888061523,-7.39255957499531,7.19617414064854));
#3850=CARTESIAN_POINT('Ctrl Pts',(0.708539500831738,-7.61051926856609,7.19617414064851));
#3851=CARTESIAN_POINT('Ctrl Pts',(1.02414088606577,-8.00701536647255,7.19617414064844));
#3852=CARTESIAN_POINT('Ctrl Pts',(1.09904984934104,-8.33560667453501,7.19617414064834));
#3853=CARTESIAN_POINT('Ctrl Pts',(1.09904984934104,-8.49999999999969,7.19617414064836));
#3854=CARTESIAN_POINT('Ctrl Pts',(1.03356705399592,-8.50000000000006,7.19999999999998));
#3855=CARTESIAN_POINT('Ctrl Pts',(1.03356705399592,-8.65464500890875,7.19999999999998));
#3856=CARTESIAN_POINT('Ctrl Pts',(0.962990893236985,-8.96388128902808,7.19999999999997));
#3857=CARTESIAN_POINT('Ctrl Pts',(0.666135729739432,-9.33601396194169,7.19999999999997));
#3858=CARTESIAN_POINT('Ctrl Pts',(0.237692597649827,-9.54239919286168,7.19999999999997));
#3859=CARTESIAN_POINT('Ctrl Pts',(-0.238667180489547,-9.54284020310604,
7.19999999999997));
#3860=CARTESIAN_POINT('Ctrl Pts',(-0.66597392457615,-9.33592519797903,7.19999999999997));
#3861=CARTESIAN_POINT('Ctrl Pts',(-1.06599044896734,-8.84139052199837,7.19999999999996));
#3862=CARTESIAN_POINT('Ctrl Pts',(-1.06370329797481,-7.98782661597875,7.19999999999996));
#3863=CARTESIAN_POINT('Ctrl Pts',(-0.397834602114081,-7.45384844574618,
7.19999999999994));
#3864=CARTESIAN_POINT('Ctrl Pts',(0.238215649132125,-7.45830575466969,7.19999999999992));
#3865=CARTESIAN_POINT('Ctrl Pts',(0.666321925310059,-7.66332416535344,7.19999999999991));
#3866=CARTESIAN_POINT('Ctrl Pts',(0.963148810075093,-8.03628365652648,7.19999999999989));
#3867=CARTESIAN_POINT('Ctrl Pts',(1.03356705399735,-8.34535499109093,7.19999999999986));
#3868=CARTESIAN_POINT('Ctrl Pts',(1.03356705399735,-8.49999999999962,7.19999999999986));
#3869=CARTESIAN_POINT('Ctrl Pts',(1.00457841451935,-8.50000000000007,7.2));
#3870=CARTESIAN_POINT('Ctrl Pts',(1.00457841451935,-8.65028366504844,7.2));
#3871=CARTESIAN_POINT('Ctrl Pts',(0.935961361707827,-8.95081946750061,7.2));
#3872=CARTESIAN_POINT('Ctrl Pts',(0.647451050566504,-9.31246934408255,7.2));
#3873=CARTESIAN_POINT('Ctrl Pts',(0.231056196750946,-9.51304947318773,7.19999999999999));
#3874=CARTESIAN_POINT('Ctrl Pts',(-0.23188560195449,-9.51347477527713,7.2));
#3875=CARTESIAN_POINT('Ctrl Pts',(-0.647161359037678,-9.31239535885887,
7.2));
#3876=CARTESIAN_POINT('Ctrl Pts',(-1.03590497693693,-8.83178419940565,7.2));
#3877=CARTESIAN_POINT('Ctrl Pts',(-1.03370396680634,-8.00225322959494,7.2));
#3878=CARTESIAN_POINT('Ctrl Pts',(-0.386559074117109,-7.48332097664814,
7.2));
#3879=CARTESIAN_POINT('Ctrl Pts',(0.231586252034605,-7.48764449667409,7.2));
#3880=CARTESIAN_POINT('Ctrl Pts',(0.647634449497372,-7.68688946177155,7.2));
#3881=CARTESIAN_POINT('Ctrl Pts',(0.936120976919974,-8.04934348992696,7.2));
#3882=CARTESIAN_POINT('Ctrl Pts',(1.00457841452091,-8.34971633495122,7.2));
#3883=CARTESIAN_POINT('Ctrl Pts',(1.00457841452091,-8.49999999999959,7.2));
#3884=CARTESIAN_POINT('',(1.24605987109143,-8.49999999999999,7.01470476127515));
#3885=CARTESIAN_POINT('',(1.00457841451935,-8.50000000000007,7.2));
#3886=CARTESIAN_POINT('Ctrl Pts',(1.2460598710913,-8.5,7.01470476127564));
#3887=CARTESIAN_POINT('Ctrl Pts',(1.23105424711501,-8.50000000000001,7.07070651235445));
#3888=CARTESIAN_POINT('Ctrl Pts',(1.21834873831902,-8.50000000000002,7.10099321322086));
#3889=CARTESIAN_POINT('Ctrl Pts',(1.20421198155853,-8.50000000000003,7.12391328610766));
#3890=CARTESIAN_POINT('Ctrl Pts',(1.19007522479804,-8.50000000000003,7.14683335899448));
#3891=CARTESIAN_POINT('Ctrl Pts',(1.17450722007304,-8.50000000000004,7.16238680390168));
#3892=CARTESIAN_POINT('Ctrl Pts',(1.15474534450893,-8.50000000000004,7.17381030472325));
#3893=CARTESIAN_POINT('Ctrl Pts',(1.13498346894482,-8.50000000000005,7.18523380554482));
#3894=CARTESIAN_POINT('Ctrl Pts',(1.1110277225416,-8.50000000000005,7.19252736228075));
#3895=CARTESIAN_POINT('Ctrl Pts',(1.07393900914316,-8.50000000000006,7.19665892979329));
#3896=CARTESIAN_POINT('Ctrl Pts',(1.0553946524442,-8.50000000000006,7.19872471354953));
#3897=CARTESIAN_POINT('Ctrl Pts',(1.03356705399653,-8.50000000000006,7.19999999999994));
#3898=CARTESIAN_POINT('Ctrl Pts',(1.00457841452055,-8.50000000000007,7.2));
#3899=CARTESIAN_POINT('Ctrl Pts',(1.00457841451935,-8.50000000000007,7.2));
#3900=CARTESIAN_POINT('Ctrl Pts',(1.00457841451935,-8.65028366504844,7.2));
#3901=CARTESIAN_POINT('Ctrl Pts',(0.935961361707827,-8.95081946750061,7.2));
#3902=CARTESIAN_POINT('Ctrl Pts',(0.647451050566504,-9.31246934408255,7.2));
#3903=CARTESIAN_POINT('Ctrl Pts',(0.231056196750946,-9.51304947318773,7.19999999999999));
#3904=CARTESIAN_POINT('Ctrl Pts',(-0.23188560195449,-9.51347477527713,7.2));
#3905=CARTESIAN_POINT('Ctrl Pts',(-0.647161359037678,-9.31239535885887,
7.2));
#3906=CARTESIAN_POINT('Ctrl Pts',(-1.03590497693693,-8.83178419940565,7.2));
#3907=CARTESIAN_POINT('Ctrl Pts',(-1.03370396680634,-8.00225322959494,7.2));
#3908=CARTESIAN_POINT('Ctrl Pts',(-0.386559074117109,-7.48332097664814,
7.2));
#3909=CARTESIAN_POINT('Ctrl Pts',(0.231586252034605,-7.48764449667409,7.2));
#3910=CARTESIAN_POINT('Ctrl Pts',(0.647634449497372,-7.68688946177155,7.2));
#3911=CARTESIAN_POINT('Ctrl Pts',(0.936120976919974,-8.04934348992696,7.2));
#3912=CARTESIAN_POINT('Ctrl Pts',(1.00457841452091,-8.34971633495122,7.2));
#3913=CARTESIAN_POINT('Ctrl Pts',(1.00457841452091,-8.49999999999959,7.2));
#3914=CARTESIAN_POINT('Ctrl Pts',(1.24605987109143,-8.49999999999999,7.01470476127515));
#3915=CARTESIAN_POINT('Ctrl Pts',(1.24605987109143,-8.31359101331381,7.01470476127515));
#3916=CARTESIAN_POINT('Ctrl Pts',(1.16114657349419,-7.94101427550929,7.01470476127524));
#3917=CARTESIAN_POINT('Ctrl Pts',(0.803313396933769,-7.49143322432158,7.01470476127532));
#3918=CARTESIAN_POINT('Ctrl Pts',(0.287255162150525,-7.24429357654821,7.01470476127536));
#3919=CARTESIAN_POINT('Ctrl Pts',(-0.479480489629086,-7.23893076491657,
7.01470476127542));
#3920=CARTESIAN_POINT('Ctrl Pts',(-1.28218664965288,-7.88260441633729,7.0147047612755));
#3921=CARTESIAN_POINT('Ctrl Pts',(-1.28491674056451,-8.91153878160869,7.01470476127551));
#3922=CARTESIAN_POINT('Ctrl Pts',(-0.802726584568433,-9.50767968085345,
7.01470476127554));
#3923=CARTESIAN_POINT('Ctrl Pts',(-0.287626470072987,-9.75709474699459,
7.01470476127554));
#3924=CARTESIAN_POINT('Ctrl Pts',(0.286597691705213,-9.75656721040905,7.01470476127554));
#3925=CARTESIAN_POINT('Ctrl Pts',(0.803085912405105,-9.50777145071123,7.01470476127554));
#3926=CARTESIAN_POINT('Ctrl Pts',(1.16094858983616,-9.05918785377058,7.01470476127554));
#3927=CARTESIAN_POINT('Ctrl Pts',(1.24605987109132,-8.68640898668618,7.01470476127555));
#3928=CARTESIAN_POINT('Ctrl Pts',(1.24605987109132,-8.5,7.01470476127555));
#3929=CARTESIAN_POINT('Origin',(0.,-8.5,7.));
#3930=CARTESIAN_POINT('',(1.25,-8.5,7.));
#3931=CARTESIAN_POINT('',(1.25,-8.5,7.));
#3932=CARTESIAN_POINT('Origin',(0.,-8.5,7.));
#3933=CARTESIAN_POINT('Origin',(0.,-8.5,7.2));
#3934=CARTESIAN_POINT('',(0.553589838486225,-8.5,7.2));
#3935=CARTESIAN_POINT('Origin',(0.,-8.5,7.2));
#3936=CARTESIAN_POINT('Origin',(0.,-8.5,7.));
#3937=CARTESIAN_POINT('',(0.5,-8.5,7.));
#3938=CARTESIAN_POINT('Origin',(0.,-8.5,7.));
#3939=CARTESIAN_POINT('',(0.5,-8.5,7.));
#3940=CARTESIAN_POINT('Origin',(0.,-8.5,7.));
#3941=CARTESIAN_POINT('Ctrl Pts',(-3.75394012890868,-8.5,7.01470476127555));
#3942=CARTESIAN_POINT('Ctrl Pts',(-3.75394012890868,-8.68640898668618,7.01470476127555));
#3943=CARTESIAN_POINT('Ctrl Pts',(-3.83900858532019,-9.05910014328584,7.01470476127554));
#3944=CARTESIAN_POINT('Ctrl Pts',(-4.19655493405469,-9.50767049970406,7.01470476127554));
#3945=CARTESIAN_POINT('Ctrl Pts',(-4.71331018046354,-9.75627834772966,7.01470476127554));
#3946=CARTESIAN_POINT('Ctrl Pts',(-5.28686869720852,-9.75641471290719,7.01470476127554));
#3947=CARTESIAN_POINT('Ctrl Pts',(-5.80346575552475,-9.50741451302717,7.01470476127554));
#3948=CARTESIAN_POINT('Ctrl Pts',(-6.1610700332816,-9.05904857004586,7.01470476127552));
#3949=CARTESIAN_POINT('Ctrl Pts',(-6.28864455832961,-8.49995601539579,7.01470476127551));
#3950=CARTESIAN_POINT('Ctrl Pts',(-6.16127867803747,-7.94075882134529,7.01470476127549));
#3951=CARTESIAN_POINT('Ctrl Pts',(-5.80348819667176,-7.49252914431884,7.01470476127547));
#3952=CARTESIAN_POINT('Ctrl Pts',(-5.28682637972647,-7.24368301828244,7.01470476127542));
#3953=CARTESIAN_POINT('Ctrl Pts',(-4.71330802841376,-7.24372639497529,7.01470476127537));
#3954=CARTESIAN_POINT('Ctrl Pts',(-4.19654077329606,-7.49236210627894,7.01470476127533));
#3955=CARTESIAN_POINT('Ctrl Pts',(-3.83900713863155,-7.94090312839375,7.01470476127524));
#3956=CARTESIAN_POINT('Ctrl Pts',(-3.75394012890857,-8.31359101331381,7.01470476127515));
#3957=CARTESIAN_POINT('Ctrl Pts',(-3.75394012890857,-8.49999999999999,7.01470476127515));
#3958=CARTESIAN_POINT('Ctrl Pts',(-3.76894575288497,-8.5,7.07070651235443));
#3959=CARTESIAN_POINT('Ctrl Pts',(-3.76894575288497,-8.68418969350033,7.07070651235443));
#3960=CARTESIAN_POINT('Ctrl Pts',(-3.85297119115567,-9.0524258699092,7.07070651235441));
#3961=CARTESIAN_POINT('Ctrl Pts',(-4.2062220171347,-9.49564247603758,7.07070651235441));
#3962=CARTESIAN_POINT('Ctrl Pts',(-4.71680797598494,-9.74128223870222,7.07070651235441));
#3963=CARTESIAN_POINT('Ctrl Pts',(-5.28350022284222,-9.74142144156859,7.0707065123544));
#3964=CARTESIAN_POINT('Ctrl Pts',(-5.79393129877316,-9.49538760956352,7.0707065123544));
#3965=CARTESIAN_POINT('Ctrl Pts',(-6.14726324266567,-9.05237844588709,7.07070651235438));
#3966=CARTESIAN_POINT('Ctrl Pts',(-6.27330797861211,-8.49996068392912,7.07070651235437));
#3967=CARTESIAN_POINT('Ctrl Pts',(-6.14746751596899,-7.94743357178363,7.07070651235434));
#3968=CARTESIAN_POINT('Ctrl Pts',(-5.79394400689385,-7.50455331185365,7.07070651235432));
#3969=CARTESIAN_POINT('Ctrl Pts',(-5.28346251677661,-7.25867507238281,7.07070651235427));
#3970=CARTESIAN_POINT('Ctrl Pts',(-4.71680406068052,-7.25872154942585,7.07070651235421));
#3971=CARTESIAN_POINT('Ctrl Pts',(-4.20620881964744,-7.50438946243598,7.07070651235417));
#3972=CARTESIAN_POINT('Ctrl Pts',(-3.85296929274882,-7.94757708786867,7.07070651235407));
#3973=CARTESIAN_POINT('Ctrl Pts',(-3.7689457528848,-8.31581030649963,7.07070651235396));
#3974=CARTESIAN_POINT('Ctrl Pts',(-3.76894575288479,-8.49999999999993,7.07070651235397));
#3975=CARTESIAN_POINT('Ctrl Pts',(-3.79448638296825,-8.50000000000001,7.13127246969395));
#3976=CARTESIAN_POINT('Ctrl Pts',(-3.79448638296825,-8.68033788103638,7.13127246969395));
#3977=CARTESIAN_POINT('Ctrl Pts',(-3.87679070640074,-9.04089476965228,7.13127246969392));
#3978=CARTESIAN_POINT('Ctrl Pts',(-4.22270047482695,-9.47485858637914,7.13127246969391));
#3979=CARTESIAN_POINT('Ctrl Pts',(-4.72262928680609,-9.71537135441676,7.13127246969392));
#3980=CARTESIAN_POINT('Ctrl Pts',(-5.27751576912078,-9.7155023282249,7.1312724696939));
#3981=CARTESIAN_POINT('Ctrl Pts',(-5.77729124217037,-9.47461134736662,7.13127246969389));
#3982=CARTESIAN_POINT('Ctrl Pts',(-6.12325196737102,-9.04084412317061,7.13127246969386));
#3983=CARTESIAN_POINT('Ctrl Pts',(-6.24667388307314,-8.49995656515814,7.13127246969385));
#3984=CARTESIAN_POINT('Ctrl Pts',(-6.12345421880872,-7.95896904432827,7.13127246969382));
#3985=CARTESIAN_POINT('Ctrl Pts',(-5.77731496844151,-7.52533487053904,7.13127246969379));
#3986=CARTESIAN_POINT('Ctrl Pts',(-5.27747395504239,-7.2845922314197,7.13127246969374));
#3987=CARTESIAN_POINT('Ctrl Pts',(-4.72262758583423,-7.28463342510108,7.13127246969367));
#3988=CARTESIAN_POINT('Ctrl Pts',(-4.22268660601802,-7.52517301715635,7.13127246969361));
#3989=CARTESIAN_POINT('Ctrl Pts',(-3.87678940670225,-7.95910845403087,7.13127246969349));
#3990=CARTESIAN_POINT('Ctrl Pts',(-3.79448638296791,-8.31966211896353,7.13127246969335));
#3991=CARTESIAN_POINT('Ctrl Pts',(-3.79448638296789,-8.49999999999986,7.13127246969337));
#3992=CARTESIAN_POINT('Ctrl Pts',(-3.83674576181868,-8.50000000000001,7.17405705528106));
#3993=CARTESIAN_POINT('Ctrl Pts',(-3.83674576181868,-8.67399943960487,7.17405705528106));
#3994=CARTESIAN_POINT('Ctrl Pts',(-3.91617704475545,-9.0218953230344,7.17405705528103));
#3995=CARTESIAN_POINT('Ctrl Pts',(-4.24995424331339,-9.44061504556166,7.17405705528102));
#3996=CARTESIAN_POINT('Ctrl Pts',(-4.73232290882964,-9.67267978298982,7.17405705528103));
#3997=CARTESIAN_POINT('Ctrl Pts',(-5.26773114905953,-9.672803238116,7.17405705528101));
#3998=CARTESIAN_POINT('Ctrl Pts',(-5.74995093598838,-9.44037775594106,7.174057055281));
#3999=CARTESIAN_POINT('Ctrl Pts',(-6.08376169629106,-9.02184414648493,7.17405705528098));
#4000=CARTESIAN_POINT('Ctrl Pts',(-6.20285278490997,-8.49995538322032,7.17405705528096));
#4001=CARTESIAN_POINT('Ctrl Pts',(-6.08395807246597,-7.9779740630552,7.17405705528093));
#4002=CARTESIAN_POINT('Ctrl Pts',(-5.74998001402732,-7.55957257847618,7.1740570552809));
#4003=CARTESIAN_POINT('Ctrl Pts',(-5.26768812043161,-7.32728803307611,7.17405705528086));
#4004=CARTESIAN_POINT('Ctrl Pts',(-4.73232243662658,-7.32732541543267,7.17405705528078));
#4005=CARTESIAN_POINT('Ctrl Pts',(-4.24994034265646,-7.55941562971326,7.17405705528073));
#4006=CARTESIAN_POINT('Ctrl Pts',(-3.91617609717919,-7.97810796701716,7.17405705528061));
#4007=CARTESIAN_POINT('Ctrl Pts',(-3.83674576181803,-8.32600056039496,7.17405705528047));
#4008=CARTESIAN_POINT('Ctrl Pts',(-3.83674576181801,-8.49999999999978,7.17405705528049));
#4009=CARTESIAN_POINT('Ctrl Pts',(-3.89472575652132,-8.50000000000001,7.19475373199012));
#4010=CARTESIAN_POINT('Ctrl Pts',(-3.89472575652132,-8.66532430865295,7.19475373199012));
#4011=CARTESIAN_POINT('Ctrl Pts',(-3.97019976443496,-8.9958768115712,7.1947537319901));
#4012=CARTESIAN_POINT('Ctrl Pts',(-4.28733953468276,-9.3937216231293,7.19475373199009));
#4013=CARTESIAN_POINT('Ctrl Pts',(-4.74566029583432,-9.61421706235306,7.19475373199009));
#4014=CARTESIAN_POINT('Ctrl Pts',(-5.25437824526396,-9.61433392720724,7.19475373199007));
#4015=CARTESIAN_POINT('Ctrl Pts',(-5.71255741181524,-9.39349635211493,7.19475373199007));
#4016=CARTESIAN_POINT('Ctrl Pts',(-6.02972674141405,-8.99582784172091,7.19475373199005));
#4017=CARTESIAN_POINT('Ctrl Pts',(-6.14288134568664,-8.49995720340153,7.19475373199004));
#4018=CARTESIAN_POINT('Ctrl Pts',(-6.02991351091449,-8.0039992038125,7.19475373199002));
#4019=CARTESIAN_POINT('Ctrl Pts',(-5.71258596339592,-7.60645679077958,7.19475373198999));
#4020=CARTESIAN_POINT('Ctrl Pts',(-5.25433696127146,-7.38575279869332,7.19475373198996));
#4021=CARTESIAN_POINT('Ctrl Pts',(-4.74566002165946,-7.38578796449166,7.19475373198991));
#4022=CARTESIAN_POINT('Ctrl Pts',(-4.28732624956135,-7.60630755000573,7.19475373198987));
#4023=CARTESIAN_POINT('Ctrl Pts',(-3.97019890984214,-8.00412634126589,7.19475373198979));
#4024=CARTESIAN_POINT('Ctrl Pts',(-3.89472575652024,-8.33467569134678,7.19475373198969));
#4025=CARTESIAN_POINT('Ctrl Pts',(-3.89472575652023,-8.4999999999997,7.1947537319897));
#4026=CARTESIAN_POINT('Ctrl Pts',(-3.9519386262659,-8.50000000000001,7.19999999999998));
#4027=CARTESIAN_POINT('Ctrl Pts',(-3.9519386262659,-8.65669870644225,7.19999999999998));
#4028=CARTESIAN_POINT('Ctrl Pts',(-4.02355521852286,-8.97005259989441,7.19999999999997));
#4029=CARTESIAN_POINT('Ctrl Pts',(-4.32425158116897,-9.34717565283301,7.19999999999997));
#4030=CARTESIAN_POINT('Ctrl Pts',(-4.75870531884881,-9.5561890142225,7.19999999999997));
#4031=CARTESIAN_POINT('Ctrl Pts',(-5.2409818707861,-9.55628792584506,7.19999999999997));
#4032=CARTESIAN_POINT('Ctrl Pts',(-5.67529762268415,-9.34696725741197,7.19999999999996));
#4033=CARTESIAN_POINT('Ctrl Pts',(-5.97595854332221,-8.96999678988835,7.19999999999995));
#4034=CARTESIAN_POINT('Ctrl Pts',(-6.08323853885997,-8.49994842093963,7.19999999999995));
#4035=CARTESIAN_POINT('Ctrl Pts',(-5.9761405843373,-8.0298330787441,7.19999999999994));
#4036=CARTESIAN_POINT('Ctrl Pts',(-5.67534984085627,-7.65299738380994,7.19999999999993));
#4037=CARTESIAN_POINT('Ctrl Pts',(-5.24093182445828,-7.44379441794246,7.19999999999992));
#4038=CARTESIAN_POINT('Ctrl Pts',(-4.75870981305446,-7.44381813715605,7.19999999999989));
#4039=CARTESIAN_POINT('Ctrl Pts',(-4.3242368772583,-7.65285274053883,7.19999999999987));
#4040=CARTESIAN_POINT('Ctrl Pts',(-4.02355565476593,-8.02995111914984,7.19999999999983));
#4041=CARTESIAN_POINT('Ctrl Pts',(-3.95193862626444,-8.3433012935574,7.19999999999979));
#4042=CARTESIAN_POINT('Ctrl Pts',(-3.95193862626444,-8.49999999999963,7.1999999999998));
#4043=CARTESIAN_POINT('Ctrl Pts',(-3.99542158548079,-8.50000000000001,7.2));
#4044=CARTESIAN_POINT('Ctrl Pts',(-3.99542158548079,-8.65028366504838,7.2));
#4045=CARTESIAN_POINT('Ctrl Pts',(-4.06400411273333,-8.95074875495959,7.2));
#4046=CARTESIAN_POINT('Ctrl Pts',(-4.35225939842374,-9.31238795697978,7.2));
#4047=CARTESIAN_POINT('Ctrl Pts',(-4.76886952942584,-9.51281659094889,7.2));
#4048=CARTESIAN_POINT('Ctrl Pts',(-5.23127468246309,-9.51292652909631,7.2));
#4049=CARTESIAN_POINT('Ctrl Pts',(-5.64775728159694,-9.31218157950465,7.20000000000001));
#4050=CARTESIAN_POINT('Ctrl Pts',(-5.93605926989507,-8.95070717640871,7.2));
#4051=CARTESIAN_POINT('Ctrl Pts',(-6.03891035841735,-8.49996453943742,7.2));
#4052=CARTESIAN_POINT('Ctrl Pts',(-5.93622748012536,-8.04913754176611,7.2));
#4053=CARTESIAN_POINT('Ctrl Pts',(-5.64777537373847,-7.68777299682391,7.2));
#4054=CARTESIAN_POINT('Ctrl Pts',(-5.23124056594061,-7.48715226217657,7.2));
#4055=CARTESIAN_POINT('Ctrl Pts',(-4.76886779443407,-7.48718723263849,7.2));
#4056=CARTESIAN_POINT('Ctrl Pts',(-4.35224798196305,-7.68763833009293,7.2));
#4057=CARTESIAN_POINT('Ctrl Pts',(-4.064002946406,-8.0492538826812,7.2));
#4058=CARTESIAN_POINT('Ctrl Pts',(-3.99542158547909,-8.34971633495122,7.2));
#4059=CARTESIAN_POINT('Ctrl Pts',(-3.99542158547909,-8.49999999999959,7.2));
#4060=CARTESIAN_POINT('',(-3.75394012890857,-8.49999999999999,7.01470476127515));
#4061=CARTESIAN_POINT('',(-3.99542158548079,-8.50000000000001,7.2));
#4062=CARTESIAN_POINT('Ctrl Pts',(-3.7539401289087,-8.5,7.01470476127564));
#4063=CARTESIAN_POINT('Ctrl Pts',(-3.76894575288499,-8.5,7.07070651235446));
#4064=CARTESIAN_POINT('Ctrl Pts',(-3.78171606792662,-8.50000000000001,7.1009894910242));
#4065=CARTESIAN_POINT('Ctrl Pts',(-3.79578474887478,-8.50000000000001,7.12390999592036));
#4066=CARTESIAN_POINT('Ctrl Pts',(-3.80985342982295,-8.50000000000001,7.14683050081653));
#4067=CARTESIAN_POINT('Ctrl Pts',(-3.82522047667766,-8.50000000000001,7.16238853193912));
#4068=CARTESIAN_POINT('Ctrl Pts',(-3.84505892411885,-8.50000000000001,7.17378692852515));
#4069=CARTESIAN_POINT('Ctrl Pts',(-3.85993775969974,-8.50000000000001,7.18233572596468));
#4070=CARTESIAN_POINT('Ctrl Pts',(-3.87733175811053,-8.50000000000001,7.1885447289774));
#4071=CARTESIAN_POINT('Ctrl Pts',(-3.90033197475207,-8.50000000000001,7.19296079748622));
#4072=CARTESIAN_POINT('Ctrl Pts',(-3.9233321913934,-8.50000000000001,7.19737686599501));
#4073=CARTESIAN_POINT('Ctrl Pts',(-3.95193862626538,-8.50000000000001,7.19999999999993));
#4074=CARTESIAN_POINT('Ctrl Pts',(-3.99542158547959,-8.50000000000001,7.2));
#4075=CARTESIAN_POINT('Ctrl Pts',(-3.99542158548079,-8.50000000000001,7.2));
#4076=CARTESIAN_POINT('Ctrl Pts',(-3.99542158548079,-8.65028366504838,7.2));
#4077=CARTESIAN_POINT('Ctrl Pts',(-4.06400411273333,-8.95074875495959,7.2));
#4078=CARTESIAN_POINT('Ctrl Pts',(-4.35225939842374,-9.31238795697978,7.2));
#4079=CARTESIAN_POINT('Ctrl Pts',(-4.76886952942584,-9.51281659094889,7.2));
#4080=CARTESIAN_POINT('Ctrl Pts',(-5.23127468246309,-9.51292652909631,7.2));
#4081=CARTESIAN_POINT('Ctrl Pts',(-5.64775728159694,-9.31218157950465,7.20000000000001));
#4082=CARTESIAN_POINT('Ctrl Pts',(-5.93605926989507,-8.95070717640871,7.2));
#4083=CARTESIAN_POINT('Ctrl Pts',(-6.03891035841735,-8.49996453943742,7.2));
#4084=CARTESIAN_POINT('Ctrl Pts',(-5.93622748012536,-8.04913754176611,7.2));
#4085=CARTESIAN_POINT('Ctrl Pts',(-5.64777537373847,-7.68777299682391,7.2));
#4086=CARTESIAN_POINT('Ctrl Pts',(-5.23124056594061,-7.48715226217657,7.2));
#4087=CARTESIAN_POINT('Ctrl Pts',(-4.76886779443407,-7.48718723263849,7.2));
#4088=CARTESIAN_POINT('Ctrl Pts',(-4.35224798196305,-7.68763833009293,7.2));
#4089=CARTESIAN_POINT('Ctrl Pts',(-4.064002946406,-8.0492538826812,7.2));
#4090=CARTESIAN_POINT('Ctrl Pts',(-3.99542158547909,-8.34971633495122,7.2));
#4091=CARTESIAN_POINT('Ctrl Pts',(-3.99542158547909,-8.49999999999959,7.2));
#4092=CARTESIAN_POINT('Ctrl Pts',(-3.75394012890857,-8.49999999999999,7.01470476127515));
#4093=CARTESIAN_POINT('Ctrl Pts',(-3.75394012890857,-8.31359101331381,7.01470476127515));
#4094=CARTESIAN_POINT('Ctrl Pts',(-3.83900713863155,-7.94090312839375,7.01470476127524));
#4095=CARTESIAN_POINT('Ctrl Pts',(-4.19654077329606,-7.49236210627894,7.01470476127533));
#4096=CARTESIAN_POINT('Ctrl Pts',(-4.71330802841376,-7.24372639497529,7.01470476127537));
#4097=CARTESIAN_POINT('Ctrl Pts',(-5.28682637972647,-7.24368301828244,7.01470476127542));
#4098=CARTESIAN_POINT('Ctrl Pts',(-5.80348819667176,-7.49252914431884,7.01470476127547));
#4099=CARTESIAN_POINT('Ctrl Pts',(-6.16127867803747,-7.94075882134529,7.01470476127549));
#4100=CARTESIAN_POINT('Ctrl Pts',(-6.28864455832961,-8.49995601539579,7.01470476127551));
#4101=CARTESIAN_POINT('Ctrl Pts',(-6.1610700332816,-9.05904857004586,7.01470476127552));
#4102=CARTESIAN_POINT('Ctrl Pts',(-5.80346575552475,-9.50741451302717,7.01470476127554));
#4103=CARTESIAN_POINT('Ctrl Pts',(-5.28686869720852,-9.75641471290719,7.01470476127554));
#4104=CARTESIAN_POINT('Ctrl Pts',(-4.71331018046354,-9.75627834772966,7.01470476127554));
#4105=CARTESIAN_POINT('Ctrl Pts',(-4.19655493405469,-9.50767049970406,7.01470476127554));
#4106=CARTESIAN_POINT('Ctrl Pts',(-3.83900858532019,-9.05910014328584,7.01470476127554));
#4107=CARTESIAN_POINT('Ctrl Pts',(-3.75394012890868,-8.68640898668618,7.01470476127555));
#4108=CARTESIAN_POINT('Ctrl Pts',(-3.75394012890868,-8.5,7.01470476127555));
#4109=CARTESIAN_POINT('Origin',(-5.,-8.5,7.));
#4110=CARTESIAN_POINT('',(-3.75,-8.5,7.));
#4111=CARTESIAN_POINT('',(-3.75,-8.5,7.));
#4112=CARTESIAN_POINT('Origin',(-5.,-8.5,7.));
#4113=CARTESIAN_POINT('Origin',(-5.,-8.5,7.2));
#4114=CARTESIAN_POINT('',(-4.44641016151377,-8.5,7.2));
#4115=CARTESIAN_POINT('Origin',(-5.,-8.5,7.2));
#4116=CARTESIAN_POINT('Origin',(-5.,-8.5,7.));
#4117=CARTESIAN_POINT('',(-4.5,-8.5,7.));
#4118=CARTESIAN_POINT('Origin',(-5.,-8.5,7.));
#4119=CARTESIAN_POINT('',(-4.5,-8.5,7.));
#4120=CARTESIAN_POINT('Origin',(-5.,-8.5,7.));
#4121=UNCERTAINTY_MEASURE_WITH_UNIT(LENGTH_MEASURE(0.01),#4125,
'DISTANCE_ACCURACY_VALUE',
'Maximum model space distance between geometric entities at asserted c
onnectivities');
#4122=UNCERTAINTY_MEASURE_WITH_UNIT(LENGTH_MEASURE(0.01),#4125,
'DISTANCE_ACCURACY_VALUE',
'Maximum model space distance between geometric entities at asserted c
onnectivities');
#4123=(
GEOMETRIC_REPRESENTATION_CONTEXT(3)
GLOBAL_UNCERTAINTY_ASSIGNED_CONTEXT((#4121))
GLOBAL_UNIT_ASSIGNED_CONTEXT((#4125,#4127,#4128))
REPRESENTATION_CONTEXT('','3D')
);
#4124=(
GEOMETRIC_REPRESENTATION_CONTEXT(3)
GLOBAL_UNCERTAINTY_ASSIGNED_CONTEXT((#4122))
GLOBAL_UNIT_ASSIGNED_CONTEXT((#4125,#4127,#4128))
REPRESENTATION_CONTEXT('','3D')
);
#4125=(
LENGTH_UNIT()
NAMED_UNIT(*)
SI_UNIT(.MILLI.,.METRE.)
);
#4126=(
LENGTH_UNIT()
NAMED_UNIT(*)
SI_UNIT($,.METRE.)
);
#4127=(
NAMED_UNIT(*)
PLANE_ANGLE_UNIT()
SI_UNIT($,.RADIAN.)
);
#4128=(
NAMED_UNIT(*)
SI_UNIT($,.STERADIAN.)
SOLID_ANGLE_UNIT()
);
#4129=SHAPE_DEFINITION_REPRESENTATION(#4130,#4131);
#4130=PRODUCT_DEFINITION_SHAPE('',$,#4133);
#4131=SHAPE_REPRESENTATION('',(#2220),#4123);
#4132=PRODUCT_DEFINITION_CONTEXT('part definition',#4137,'design');
#4133=PRODUCT_DEFINITION('2026-09-22-17-18-51-870','potentiometer',#4134,
#4132);
#4134=PRODUCT_DEFINITION_FORMATION('',$,#4139);
#4135=PRODUCT_RELATED_PRODUCT_CATEGORY('potentiometer','potentiometer',
(#4139));
#4136=APPLICATION_PROTOCOL_DEFINITION('international standard',
'automotive_design',2009,#4137);
#4137=APPLICATION_CONTEXT(
'Core Data for Automotive Mechanical Design Process');
#4138=PRODUCT_CONTEXT('part definition',#4137,'mechanical');
#4139=PRODUCT('2026-09-22-17-18-51-870','potentiometer',$,(#4138));
#4140=PRESENTATION_STYLE_ASSIGNMENT((#4144));
#4141=PRESENTATION_STYLE_ASSIGNMENT((#4145));
#4142=PRESENTATION_STYLE_ASSIGNMENT((#4146));
#4143=PRESENTATION_STYLE_ASSIGNMENT((#4147));
#4144=SURFACE_STYLE_USAGE(.BOTH.,#4148);
#4145=SURFACE_STYLE_USAGE(.BOTH.,#4149);
#4146=SURFACE_STYLE_USAGE(.BOTH.,#4150);
#4147=SURFACE_STYLE_USAGE(.BOTH.,#4151);
#4148=SURFACE_SIDE_STYLE('',(#4152));
#4149=SURFACE_SIDE_STYLE('',(#4153));
#4150=SURFACE_SIDE_STYLE('',(#4154));
#4151=SURFACE_SIDE_STYLE('',(#4155));
#4152=SURFACE_STYLE_FILL_AREA(#4156);
#4153=SURFACE_STYLE_FILL_AREA(#4157);
#4154=SURFACE_STYLE_FILL_AREA(#4158);
#4155=SURFACE_STYLE_FILL_AREA(#4159);
#4156=FILL_AREA_STYLE('Steel - Satin',(#4160));
#4157=FILL_AREA_STYLE('Brass - Polished',(#4161));
#4158=FILL_AREA_STYLE('Polymide (Kapton)',(#4162));
#4159=FILL_AREA_STYLE('Iron - Polished',(#4163));
#4160=FILL_AREA_STYLE_COLOUR('Steel - Satin',#4164);
#4161=FILL_AREA_STYLE_COLOUR('Brass - Polished',#4165);
#4162=FILL_AREA_STYLE_COLOUR('Polymide (Kapton)',#4166);
#4163=FILL_AREA_STYLE_COLOUR('Iron - Polished',#4167);
#4164=COLOUR_RGB('Steel - Satin',0.627450980392157,0.627450980392157,0.627450980392157);
#4165=COLOUR_RGB('Brass - Polished',0.952941176470588,0.796078431372549,
0.486274509803922);
#4166=COLOUR_RGB('Polymide (Kapton)',0.419607843137255,0.313725490196078,
0.0862745098039216);
#4167=COLOUR_RGB('Iron - Polished',0.749019607843137,0.741176470588235,
0.733333333333333);
ENDSEC;
END-ISO-10303-21;
